SEASON,PLAYER_NAME,COUNTRY,TEAM,GP
2004-05,Adonal Foyle,St. Vincent & Grenadines,GSW,78
2004-05,Aleksandar Radojevic,Bosnia and Herzegovina,UTA,12
2004-05,Alex Garcia,Brazil,NOH,8
2004-05,Anderson Varejao,Brazil,CLE,54
2004-05,Andrei Kirilenko,Russia,UTA,41
2004-05,Andres Nocioni,Argentina,CHI,81
2004-05,Andris Biedrins,Latvia,GSW,30
2004-05,Beno Udrih,Slovenia,SAS,80
2004-05,Boris Diaw,France,ATL,66
2004-05,Bostjan Nachbar,Slovenia,NOH,71
2004-05,Bruno Sundov,Croatia,NYK,21
2004-05,Carlos Arroyo,Puerto Rico,DET,70
2004-05,Carlos Delfino,Argentina,DET,30
2004-05,DJ Mbenga,Belgium,DAL,15
2004-05,Dan Gadzuric,Netherlands,MIL,81
2004-05,Daniel Santiago,Puerto Rico,MIL,11
2004-05,Darius Songaila,Lithuania,SAC,81
2004-05,Darko Milicic,Serbia,DET,37
2004-05,DeSagana Diop,Senegal,CLE,39
2004-05,Dikembe Mutombo,Democratic Republic of the Congo,HOU,80
2004-05,Dirk Nowitzki,Germany,DAL,78
2004-05,Eduardo Najera,Mexico,DEN,68
2004-05,Francisco Elson,Netherlands,DEN,67
2004-05,Gordan Giricek,Croatia,UTA,81
2004-05,Ha Ha,South Korea,POR,19
2004-05,Hedo Turkoglu,Turkey,ORL,67
2004-05,Ibrahim Kutluay,Turkey,SEA,5
2004-05,Jake Tsakalidis,Greece,MEM,31
2004-05,Jamaal Magloire,Canada,NOH,23
2004-05,Jerome Moiso,France,CLE,20
2004-05,Jiri Welsch,Czech Republic,CLE,71
2004-05,Leandro Barbosa,Brazil,PHX,63
2004-05,Luol Deng,United Kingdom,CHI,61
2004-05,Maciej Lampe,Poland,NOH,37
2004-05,Mamadou N'diaye,Senegal,LAC,11
2004-05,Manu Ginobili,Argentina,SAS,74
2004-05,Mario Kasun,Croatia,ORL,45
2004-05,Marko Jaric,Serbia,LAC,50
2004-05,Mehmet Okur,Turkey,UTA,82
2004-05,Michael Olowokandi,Nigeria,MIN,62
2004-05,Mickael Pietrus,France,GSW,67
2004-05,Milt Palacio,Belize,TOR,80
2004-05,Nenad Krstic,Serbia,NJN,75
2004-05,Nene,Brazil,DEN,55
2004-05,Nikoloz Tskitishvili,Georgia,GSW,35
2004-05,Obinna Ekezie,Nigeria,ATL,42
2004-05,Pape Sow,Senegal,TOR,27
2004-05,Pau Gasol,Spain,MEM,56
2004-05,Pavel Podkolzin,Russia,DAL,5
2004-05,Peja Stojakovic,Serbia,SAC,66
2004-05,Peter John Ramos,Puerto Rico,WAS,6
2004-05,Predrag Drobnjak,Serbia,ATL,71
2004-05,Primoz Brezec,Slovenia,CHA,72
2004-05,Rafael Araujo,Brazil,TOR,59
2004-05,Raja Bell,US Virgin Islands,UTA,63
2004-05,Rasho Nesterovic,Slovenia,SAS,70
2004-05,Raul Lopez,Spain,UTA,31
2004-05,Samuel Dalembert,Haiti,PHI,72
2004-05,Sasha Pavlovic,Montenegro,CLE,65
2004-05,Sasha Vujacic,Slovenia,LAL,35
2004-05,Sean Marks,New Zealand,SAS,23
2004-05,Slava Medvedenko,Ukraine,LAL,43
2004-05,Steve Nash,Canada,PHX,75
2004-05,Tim Duncan,US Virgin Islands,SAS,66
2004-05,Toni Kukoc,Croatia,MIL,53
2004-05,Tony Parker,France,SAS,80
2004-05,Viktor Khryapa,Russia,POR,32
2004-05,Vitaly Potapenko,Ukraine,SEA,33
2004-05,Vlade Divac,Serbia,LAL,15
2004-05,Vladimir Radmanovic,Serbia,SEA,63
2004-05,Wang Zhi-zhi,China,MIA,20
2004-05,Yao Ming,China,HOU,80
2004-05,Zarko Cabarkapa,Serbia,GSW,40
2004-05,Zaza Pachulia,Georgia,MIL,74
2004-05,Zeljko Rebraca,Serbia,LAC,58
2004-05,Zoran Planinic,Croatia,NJN,43
2004-05,Zydrunas Ilgauskas,Lithuania,CLE,78
2005-06,Adonal Foyle,St. Vincent & Grenadines,GSW,77
2005-06,Anderson Varejao,Brazil,CLE,48
2005-06,Andrei Kirilenko,Russia,UTA,69
2005-06,Andres Nocioni,Argentina,CHI,82
2005-06,Andrew Bogut,Australia,MIL,82
2005-06,Andris Biedrins,Latvia,GSW,68
2005-06,Arvydas Macijauskas,Lithuania,NOK,19
2005-06,Beno Udrih,Slovenia,SAS,55
2005-06,Boniface Ndong,Senegal,LAC,23
2005-06,Boris Diaw,France,PHX,81
2005-06,Bostjan Nachbar,Slovenia,NJN,36
2005-06,Carlos Arroyo,Puerto Rico,ORL,77
2005-06,Carlos Delfino,Argentina,DET,68
2005-06,DJ Mbenga,Belgium,DAL,43
2005-06,Dan Gadzuric,Netherlands,MIL,74
2005-06,Darius Songaila,Lithuania,CHI,62
2005-06,Darko Milicic,Serbia,ORL,55
2005-06,DeSagana Diop,Senegal,DAL,81
2005-06,Deng Gai,South Sudan,PHI,2
2005-06,Dikembe Mutombo,Democratic Republic of the Congo,HOU,64
2005-06,Dirk Nowitzki,Germany,DAL,81
2005-06,Eduardo Najera,Mexico,DEN,64
2005-06,Esteban Batista,Uruguay,ATL,57
2005-06,Fabricio Oberto,Argentina,SAS,59
2005-06,Francisco Elson,Netherlands,DEN,72
2005-06,Francisco Garcia,Dominican Republic,SAC,67
2005-06,Gordan Giricek,Croatia,UTA,37
2005-06,Ha Ha,South Korea,POR,27
2005-06,Hedo Turkoglu,Turkey,ORL,78
2005-06,Jake Tsakalidis,Greece,MEM,51
2005-06,Jamaal Magloire,Canada,MIL,82
2005-06,Jiri Welsch,Czech Republic,MIL,58
2005-06,Johan Petro,France,SEA,68
2005-06,Jose Calderon,Spain,TOR,64
2005-06,Leandro Barbosa,Brazil,PHX,57
2005-06,Linas Kleiza,Lithuania,DEN,61
2005-06,Luol Deng,United Kingdom,CHI,78
2005-06,Maciej Lampe,Poland,HOU,6
2005-06,Manu Ginobili,Argentina,SAS,65
2005-06,Mario Kasun,Croatia,ORL,28
2005-06,Marko Jaric,Serbia,MIN,75
2005-06,Martynas Andriuskevicius,Lithuania,CLE,6
2005-06,Mehmet Okur,Turkey,UTA,82
2005-06,Michael Olowokandi,Nigeria,BOS,48
2005-06,Mickael Pietrus,France,GSW,52
2005-06,Milt Palacio,Belize,UTA,71
2005-06,Nenad Krstic,Serbia,NJN,80
2005-06,Nene,Brazil,DEN,1
2005-06,Nikoloz Tskitishvili,Georgia,PHX,17
2005-06,Pape Sow,Senegal,TOR,42
2005-06,Pat Burke,Ireland,PHX,42
2005-06,Pau Gasol,Spain,MEM,80
2005-06,Pavel Podkolzin,Russia,DAL,1
2005-06,Peja Stojakovic,Serbia,IND,71
2005-06,Primoz Brezec,Slovenia,CHA,79
2005-06,Rafael Araujo,Brazil,TOR,52
2005-06,Raja Bell,US Virgin Islands,PHX,79
2005-06,Rasho Nesterovic,Slovenia,SAS,80
2005-06,Ronny Turiaf,France,LAL,23
2005-06,Samuel Dalembert,Haiti,PHI,66
2005-06,Sarunas Jasikevicius,Lithuania,IND,75
2005-06,Sasha Pavlovic,Montenegro,CLE,53
2005-06,Sasha Vujacic,Slovenia,LAL,82
2005-06,Sean Marks,New Zealand,SAS,25
2005-06,Sergei Monia,Russia,SAC,26
2005-06,Slava Medvedenko,Ukraine,LAL,2
2005-06,Steve Nash,Canada,PHX,79
2005-06,Tim Duncan,US Virgin Islands,SAS,80
2005-06,Toni Kukoc,Croatia,MIL,65
2005-06,Tony Parker,France,SAS,80
2005-06,Viktor Khryapa,Russia,POR,69
2005-06,Vitaly Potapenko,Ukraine,SAC,33
2005-06,Vladimir Radmanovic,Serbia,LAC,77
2005-06,Yao Ming,China,HOU,57
2005-06,Yaroslav Korolev,Russia,LAC,24
2005-06,Zarko Cabarkapa,Serbia,GSW,61
2005-06,Zaza Pachulia,Georgia,ATL,78
2005-06,Zeljko Rebraca,Serbia,LAC,29
2005-06,Zoran Planinic,Croatia,NJN,56
2005-06,Zydrunas Ilgauskas,Lithuania,CLE,78
2006-07,Adonal Foyle,St. Vincent & Grenadines,GSW,48
2006-07,Anderson Varejao,Brazil,CLE,81
2006-07,Andrea Bargnani,Italy,TOR,65
2006-07,Andreas Glyniadakis,Greece,SEA,13
2006-07,Andrei Kirilenko,Russia,UTA,70
2006-07,Andres Nocioni,Argentina,CHI,53
2006-07,Andrew Bogut,Australia,MIL,66
2006-07,Andris Biedrins,Latvia,GSW,82
2006-07,Beno Udrih,Slovenia,SAS,73
2006-07,Boris Diaw,France,PHX,73
2006-07,Bostjan Nachbar,Slovenia,NJN,76
2006-07,Carlos Arroyo,Puerto Rico,ORL,72
2006-07,Carlos Delfino,Argentina,DET,82
2006-07,DJ Mbenga,Belgium,DAL,21
2006-07,Damir Markota,Croatia,MIL,30
2006-07,Dan Gadzuric,Netherlands,MIL,54
2006-07,Darius Songaila,Lithuania,WAS,37
2006-07,Darko Milicic,Serbia,ORL,80
2006-07,DeSagana Diop,Senegal,DAL,81
2006-07,Dikembe Mutombo,Democratic Republic of the Congo,HOU,75
2006-07,Dirk Nowitzki,Germany,DAL,78
2006-07,Eduardo Najera,Mexico,DEN,75
2006-07,Ersan Ilyasova,Turkey,MIL,66
2006-07,Esteban Batista,Uruguay,ATL,13
2006-07,Fabricio Oberto,Argentina,SAS,79
2006-07,Francisco Elson,Netherlands,SAS,70
2006-07,Francisco Garcia,Dominican Republic,SAC,79
2006-07,Gordan Giricek,Croatia,UTA,61
2006-07,Hedo Turkoglu,Turkey,ORL,73
2006-07,J.J. Barea,Puerto Rico,DAL,33
2006-07,Jake Tsakalidis,Greece,HOU,36
2006-07,Jamaal Magloire,Canada,POR,81
2006-07,Johan Petro,France,SEA,81
2006-07,Jorge Garbajosa,Spain,TOR,67
2006-07,Jose Calderon,Spain,TOR,77
2006-07,Kelenna Azubuike,United Kingdom,GSW,41
2006-07,Leandro Barbosa,Brazil,PHX,80
2006-07,Linas Kleiza,Lithuania,DEN,79
2006-07,Luol Deng,United Kingdom,CHI,82
2006-07,Manu Ginobili,Argentina,SAS,75
2006-07,Marcus Vinicius,Brazil,NOK,13
2006-07,Marko Jaric,Serbia,MIN,70
2006-07,Mehmet Okur,Turkey,UTA,80
2006-07,Michael Olowokandi,Nigeria,BOS,24
2006-07,Mickael Gelabale,France,SEA,70
2006-07,Mickael Pietrus,France,GSW,72
2006-07,Mile Ilic,Serbia,NJN,5
2006-07,Mouhamed Sene,Senegal,SEA,28
2006-07,Nenad Krstic,Serbia,NJN,26
2006-07,Nene,Brazil,DEN,64
2006-07,Pape Sow,Senegal,TOR,7
2006-07,Pat Burke,Ireland,PHX,23
2006-07,Pau Gasol,Spain,MEM,59
2006-07,Peja Stojakovic,Serbia,NOK,13
2006-07,Primoz Brezec,Slovenia,CHA,58
2006-07,Rafael Araujo,Brazil,UTA,28
2006-07,Raja Bell,US Virgin Islands,PHX,78
2006-07,Rasho Nesterovic,Slovenia,TOR,80
2006-07,Ronny Turiaf,France,LAL,72
2006-07,Samuel Dalembert,Haiti,PHI,82
2006-07,Sarunas Jasikevicius,Lithuania,GSW,63
2006-07,Sasha Pavlovic,Montenegro,CLE,67
2006-07,Sasha Vujacic,Slovenia,LAL,73
2006-07,Sean Marks,New Zealand,PHX,3
2006-07,Sergio Rodriguez,Spain,POR,67
2006-07,Slava Medvedenko,Ukraine,ATL,14
2006-07,Steve Nash,Canada,PHX,76
2006-07,Thabo Sefolosha,Switzerland,CHI,71
2006-07,Tim Duncan,US Virgin Islands,SAS,80
2006-07,Tony Parker,France,SAS,77
2006-07,Uros Slokar,Slovenia,TOR,20
2006-07,Vassilis Spanoulis,Greece,HOU,31
2006-07,Viktor Khryapa,Russia,CHI,33
2006-07,Vitaly Potapenko,Ukraine,SAC,3
2006-07,Vladimir Radmanovic,Serbia,LAL,55
2006-07,Walter Herrmann,Argentina,CHA,48
2006-07,Yao Ming,China,HOU,48
2006-07,Yaroslav Korolev,Russia,LAC,10
2006-07,Zaza Pachulia,Georgia,ATL,72
2006-07,Zydrunas Ilgauskas,Lithuania,CLE,78
2007-08,Adonal Foyle,St. Vincent & Grenadines,ORL,82
2007-08,Al Horford,Dominican Republic,ATL,81
2007-08,Anderson Varejao,Brazil,CLE,48
2007-08,Andrea Bargnani,Italy,TOR,78
2007-08,Andrei Kirilenko,Russia,UTA,72
2007-08,Andres Nocioni,Argentina,CHI,82
2007-08,Andrew Bogut,Australia,MIL,78
2007-08,Andris Biedrins,Latvia,GSW,76
2007-08,Beno Udrih,Slovenia,SAC,65
2007-08,Boris Diaw,France,PHX,82
2007-08,Bostjan Nachbar,Slovenia,NJN,75
2007-08,Carlos Arroyo,Puerto Rico,ORL,62
2007-08,Carlos Delfino,Argentina,TOR,82
2007-08,Cheikh Samb,Senegal,DET,4
2007-08,DJ Mbenga,Belgium,LAL,42
2007-08,Dan Gadzuric,Netherlands,MIL,51
2007-08,Darius Songaila,Lithuania,WAS,80
2007-08,Darko Milicic,Serbia,MEM,70
2007-08,DeSagana Diop,Senegal,NJN,79
2007-08,Dikembe Mutombo,Democratic Republic of the Congo,HOU,39
2007-08,Dirk Nowitzki,Germany,DAL,77
2007-08,Eduardo Najera,Mexico,DEN,78
2007-08,Fabricio Oberto,Argentina,SAS,82
2007-08,Francisco Elson,Netherlands,SEA,63
2007-08,Francisco Garcia,Dominican Republic,SAC,79
2007-08,Gordan Giricek,Croatia,PHX,56
2007-08,Hedo Turkoglu,Turkey,ORL,82
2007-08,Ian Mahinmi,France,SAS,6
2007-08,J.J. Barea,Puerto Rico,DAL,44
2007-08,Jamaal Magloire,Canada,DAL,31
2007-08,Joel Anthony,Canada,MIA,24
2007-08,Johan Petro,France,SEA,72
2007-08,Jorge Garbajosa,Spain,TOR,7
2007-08,Jose Calderon,Spain,TOR,82
2007-08,Juan Carlos Navarro,Spain,MEM,82
2007-08,Kelenna Azubuike,United Kingdom,GSW,81
2007-08,Kosta Perovic,Serbia,GSW,7
2007-08,Kyrylo Fesenko,Ukraine,UTA,9
2007-08,Leandro Barbosa,Brazil,PHX,82
2007-08,Linas Kleiza,Lithuania,DEN,79
2007-08,Luis Scola,Argentina,HOU,82
2007-08,Luol Deng,United Kingdom,CHI,63
2007-08,Manu Ginobili,Argentina,SAS,74
2007-08,Marcin Gortat,Poland,ORL,6
2007-08,Marco Belinelli,Italy,GSW,33
2007-08,Marcus Vinicius,Brazil,NOH,13
2007-08,Marko Jaric,Serbia,MIN,75
2007-08,Mehmet Okur,Turkey,UTA,72
2007-08,Mickael Gelabale,France,SEA,39
2007-08,Mickael Pietrus,France,GSW,66
2007-08,Mouhamed Sene,Senegal,SEA,13
2007-08,Nenad Krstic,Serbia,NJN,45
2007-08,Nene,Brazil,DEN,16
2007-08,Oleksiy Pecherov,Ukraine,WAS,35
2007-08,Pau Gasol,Spain,LAL,66
2007-08,Peja Stojakovic,Serbia,NOH,77
2007-08,Primoz Brezec,Slovenia,TOR,50
2007-08,Raja Bell,US Virgin Islands,PHX,75
2007-08,Rasho Nesterovic,Slovenia,TOR,71
2007-08,Ronny Turiaf,France,LAL,78
2007-08,Samuel Dalembert,Haiti,PHI,82
2007-08,Sasha Pavlovic,Montenegro,CLE,51
2007-08,Sasha Vujacic,Slovenia,LAL,72
2007-08,Sean Marks,New Zealand,PHX,19
2007-08,Sergio Rodriguez,Spain,POR,72
2007-08,Stephane Lasme,Gabon,MIA,16
2007-08,Steve Nash,Canada,PHX,81
2007-08,Thabo Sefolosha,Switzerland,CHI,69
2007-08,Tim Duncan,US Virgin Islands,SAS,78
2007-08,Tony Parker,France,SAS,69
2007-08,Viktor Khryapa,Russia,CHI,9
2007-08,Vladimir Radmanovic,Serbia,LAL,65
2007-08,Walter Herrmann,Argentina,DET,45
2007-08,Yao Ming,China,HOU,55
2007-08,Yi Jianlian,China,MIL,66
2007-08,Zaza Pachulia,Georgia,ATL,62
2007-08,Zydrunas Ilgauskas,Lithuania,CLE,73
2008-09,Adonal Foyle,St. Vincent & Grenadines,ORL,10
2008-09,Al Horford,Dominican Republic,ATL,67
2008-09,Alexis Ajinca,France,CHA,31
2008-09,Anderson Varejao,Brazil,CLE,81
2008-09,Andrea Bargnani,Italy,TOR,78
2008-09,Andrei Kirilenko,Russia,UTA,67
2008-09,Andres Nocioni,Argentina,SAC,76
2008-09,Andrew Bogut,Australia,MIL,36
2008-09,Andris Biedrins,Latvia,GSW,62
2008-09,Beno Udrih,Slovenia,SAC,73
2008-09,Boris Diaw,France,CHA,81
2008-09,Cheikh Samb,Senegal,NYK,18
2008-09,DJ Mbenga,Belgium,LAL,23
2008-09,Dan Gadzuric,Netherlands,MIL,67
2008-09,Danilo Gallinari,Italy,NYK,28
2008-09,Darius Songaila,Lithuania,WAS,77
2008-09,Darko Milicic,Serbia,MEM,61
2008-09,DeSagana Diop,Senegal,CHA,75
2008-09,Dikembe Mutombo,Democratic Republic of the Congo,HOU,9
2008-09,Dirk Nowitzki,Germany,DAL,81
2008-09,Eduardo Najera,Mexico,NJN,27
2008-09,Fabricio Oberto,Argentina,SAS,54
2008-09,Francisco Elson,Netherlands,MIL,59
2008-09,Francisco Garcia,Dominican Republic,SAC,65
2008-09,Goran Dragic,Slovenia,PHX,55
2008-09,Hamed Haddadi,Iran,MEM,19
2008-09,Hedo Turkoglu,Turkey,ORL,77
2008-09,J.J. Barea,Puerto Rico,DAL,79
2008-09,Jamaal Magloire,Canada,MIA,55
2008-09,Joel Anthony,Canada,MIA,65
2008-09,Johan Petro,France,DEN,49
2008-09,Jose Calderon,Spain,TOR,68
2008-09,Kelenna Azubuike,United Kingdom,GSW,74
2008-09,Kyrylo Fesenko,Ukraine,UTA,21
2008-09,Leandro Barbosa,Brazil,PHX,70
2008-09,Linas Kleiza,Lithuania,DEN,82
2008-09,Luc Mbah a Moute,Cameroon,MIL,82
2008-09,Luis Scola,Argentina,HOU,82
2008-09,Luol Deng,United Kingdom,CHI,49
2008-09,Manu Ginobili,Argentina,SAS,44
2008-09,Marc Gasol,Spain,MEM,82
2008-09,Marcin Gortat,Poland,ORL,63
2008-09,Marco Belinelli,Italy,GSW,42
2008-09,Marko Jaric,Serbia,MEM,53
2008-09,Mehmet Okur,Turkey,UTA,72
2008-09,Mickael Pietrus,France,ORL,54
2008-09,Mouhamed Sene,Senegal,NYK,6
2008-09,Nathan Jawai,Australia,TOR,6
2008-09,Nenad Krstic,Serbia,OKC,46
2008-09,Nene,Brazil,DEN,77
2008-09,Nicolas Batum,France,POR,79
2008-09,Oleksiy Pecherov,Ukraine,WAS,32
2008-09,Pau Gasol,Spain,LAL,81
2008-09,Peja Stojakovic,Serbia,NOH,61
2008-09,Raja Bell,US Virgin Islands,CHA,67
2008-09,Rasho Nesterovic,Slovenia,IND,70
2008-09,Roko Ukic,Croatia,TOR,72
2008-09,Ronny Turiaf,France,GSW,79
2008-09,Rudy Fernandez,Spain,POR,78
2008-09,Samuel Dalembert,Haiti,PHI,82
2008-09,Sasha Pavlovic,Montenegro,CLE,66
2008-09,Sasha Vujacic,Slovenia,LAL,80
2008-09,Sean Marks,New Zealand,NOH,60
2008-09,Sergio Rodriguez,Spain,POR,80
2008-09,Steve Nash,Canada,PHX,74
2008-09,Sun Sun,China,LAL,10
2008-09,Thabo Sefolosha,Switzerland,OKC,66
2008-09,Tim Duncan,US Virgin Islands,SAS,75
2008-09,Tony Parker,France,SAS,72
2008-09,Vladimir Radmanovic,Serbia,CHA,78
2008-09,Walter Herrmann,Argentina,DET,59
2008-09,Yao Ming,China,HOU,77
2008-09,Yi Jianlian,China,NJN,61
2008-09,Zaza Pachulia,Georgia,ATL,77
2008-09,Zydrunas Ilgauskas,Lithuania,CLE,65
2009-10,Al Horford,Dominican Republic,ATL,81
2009-10,Alexis Ajinca,France,CHA,6
2009-10,Anderson Varejao,Brazil,CLE,76
2009-10,Andrea Bargnani,Italy,TOR,80
2009-10,Andrei Kirilenko,Russia,UTA,58
2009-10,Andres Nocioni,Argentina,SAC,75
2009-10,Andrew Bogut,Australia,MIL,69
2009-10,Andris Biedrins,Latvia,GSW,33
2009-10,Beno Udrih,Slovenia,SAC,79
2009-10,Boris Diaw,France,CHA,82
2009-10,Carlos Arroyo,Puerto Rico,MIA,72
2009-10,Carlos Delfino,Argentina,MIL,75
2009-10,DJ Mbenga,Belgium,LAL,49
2009-10,Dan Gadzuric,Netherlands,MIL,32
2009-10,Danilo Gallinari,Italy,NYK,81
2009-10,Darius Songaila,Lithuania,NOH,75
2009-10,Darko Milicic,Serbia,MIN,32
2009-10,David Andersen,Australia,HOU,63
2009-10,DeSagana Diop,Senegal,CHA,27
2009-10,Dirk Nowitzki,Germany,DAL,81
2009-10,Eduardo Najera,Mexico,DAL,46
2009-10,Ersan Ilyasova,Turkey,MIL,81
2009-10,Fabricio Oberto,Argentina,WAS,57
2009-10,Francisco Elson,Netherlands,PHI,12
2009-10,Francisco Garcia,Dominican Republic,SAC,25
2009-10,Goran Dragic,Slovenia,PHX,80
2009-10,Hamed Haddadi,Iran,MEM,36
2009-10,Hasheem Thabeet,Tanzania,MEM,68
2009-10,Hedo Turkoglu,Turkey,TOR,74
2009-10,Ian Mahinmi,France,SAS,26
2009-10,J.J. Barea,Puerto Rico,DAL,78
2009-10,Jamaal Magloire,Canada,MIA,36
2009-10,Joel Anthony,Canada,MIA,80
2009-10,Johan Petro,France,DEN,36
2009-10,Jonas Jerebko,Sweden,DET,80
2009-10,Jose Calderon,Spain,TOR,68
2009-10,Kelenna Azubuike,United Kingdom,GSW,9
2009-10,Kyrylo Fesenko,Ukraine,UTA,49
2009-10,Leandro Barbosa,Brazil,PHX,44
2009-10,Luc Mbah a Moute,Cameroon,MIL,73
2009-10,Luis Scola,Argentina,HOU,82
2009-10,Luol Deng,United Kingdom,CHI,70
2009-10,Manu Ginobili,Argentina,SAS,75
2009-10,Marc Gasol,Spain,MEM,69
2009-10,Marcin Gortat,Poland,ORL,81
2009-10,Marco Belinelli,Italy,TOR,66
2009-10,Mehmet Okur,Turkey,UTA,73
2009-10,Mickael Pietrus,France,ORL,75
2009-10,Nathan Jawai,Australia,MIN,39
2009-10,Nenad Krstic,Serbia,OKC,76
2009-10,Nene,Brazil,DEN,82
2009-10,Nicolas Batum,France,POR,37
2009-10,Oleksiy Pecherov,Ukraine,MIN,44
2009-10,Omri Casspi,Israel,SAC,77
2009-10,Patty Mills,Australia,POR,10
2009-10,Pau Gasol,Spain,LAL,65
2009-10,Peja Stojakovic,Serbia,NOH,62
2009-10,Primoz Brezec,Slovenia,MIL,21
2009-10,Raja Bell,US Virgin Islands,GSW,6
2009-10,Rasho Nesterovic,Slovenia,TOR,42
2009-10,Rodrigue Beaubois,France,DAL,56
2009-10,Roko Ukic,Croatia,MIL,13
2009-10,Ronny Turiaf,France,GSW,42
2009-10,Rudy Fernandez,Spain,POR,62
2009-10,Samuel Dalembert,Haiti,PHI,82
2009-10,Sasha Pavlovic,Montenegro,MIN,71
2009-10,Sasha Vujacic,Slovenia,LAL,67
2009-10,Sean Marks,New Zealand,NOH,14
2009-10,Serge Ibaka,Democratic Republic of the Congo,OKC,73
2009-10,Sergio Rodriguez,Spain,NYK,66
2009-10,Steve Nash,Canada,PHX,81
2009-10,Thabo Sefolosha,Switzerland,OKC,82
2009-10,Tim Duncan,US Virgin Islands,SAS,78
2009-10,Tony Parker,France,SAS,56
2009-10,Vladimir Radmanovic,Serbia,GSW,41
2009-10,Yi Jianlian,China,NJN,52
2009-10,Zaza Pachulia,Georgia,ATL,78
2009-10,Zydrunas Ilgauskas,Lithuania,CLE,64
2010-11,Al Horford,Dominican Republic,ATL,77
2010-11,Alexis Ajinca,France,TOR,34
2010-11,Anderson Varejao,Brazil,CLE,31
2010-11,Andrea Bargnani,Italy,TOR,66
2010-11,Andrei Kirilenko,Russia,UTA,64
2010-11,Andres Nocioni,Argentina,PHI,54
2010-11,Andrew Bogut,Australia,MIL,65
2010-11,Andris Biedrins,Latvia,GSW,59
2010-11,Beno Udrih,Slovenia,SAC,79
2010-11,Boris Diaw,France,CHA,82
2010-11,Carlos Arroyo,Puerto Rico,BOS,64
2010-11,Carlos Delfino,Argentina,MIL,49
2010-11,Christian Eyenga,Congo,CLE,44
2010-11,DJ Mbenga,Belgium,NOH,41
2010-11,Dan Gadzuric,Netherlands,NJN,42
2010-11,Danilo Gallinari,Italy,DEN,62
2010-11,Darius Songaila,Lithuania,PHI,10
2010-11,Darko Milicic,Serbia,MIN,69
2010-11,David Andersen,Australia,NOH,40
2010-11,DeSagana Diop,Senegal,CHA,16
2010-11,Dirk Nowitzki,Germany,DAL,73
2010-11,Eduardo Najera,Mexico,CHA,31
2010-11,Ersan Ilyasova,Turkey,MIL,60
2010-11,Fabricio Oberto,Argentina,POR,5
2010-11,Francisco Elson,Netherlands,UTA,62
2010-11,Francisco Garcia,Dominican Republic,SAC,58
2010-11,Gary Forbes,Panama,DEN,63
2010-11,Goran Dragic,Slovenia,HOU,70
2010-11,Greivis Vasquez,Venezuela,MEM,70
2010-11,Hamady Ndiaye,Senegal,WAS,16
2010-11,Hamed Haddadi,Iran,MEM,31
2010-11,Hasheem Thabeet,Tanzania,HOU,47
2010-11,Hedo Turkoglu,Turkey,ORL,81
2010-11,Ian Mahinmi,France,DAL,56
2010-11,J.J. Barea,Puerto Rico,DAL,81
2010-11,Jamaal Magloire,Canada,MIA,18
2010-11,Joel Anthony,Canada,MIA,75
2010-11,Johan Petro,France,NJN,77
2010-11,Jose Calderon,Spain,TOR,68
2010-11,Kevin Seraphin,France,WAS,58
2010-11,Kyrylo Fesenko,Ukraine,UTA,53
2010-11,Leandro Barbosa,Brazil,TOR,58
2010-11,Linas Kleiza,Lithuania,TOR,39
2010-11,Luc Mbah a Moute,Cameroon,MIL,79
2010-11,Luis Scola,Argentina,HOU,74
2010-11,Luol Deng,United Kingdom,CHI,82
2010-11,Manu Ginobili,Argentina,SAS,80
2010-11,Marc Gasol,Spain,MEM,81
2010-11,Marcin Gortat,Poland,PHX,80
2010-11,Marco Belinelli,Italy,NOH,80
2010-11,Mehmet Okur,Turkey,UTA,13
2010-11,Mickael Pietrus,France,PHX,57
2010-11,Nenad Krstic,Serbia,BOS,71
2010-11,Nene,Brazil,DEN,75
2010-11,Nicolas Batum,France,POR,80
2010-11,Nikola Pekovic,Montenegro,MIN,65
2010-11,Omer Asik,Turkey,CHI,82
2010-11,Omri Casspi,Israel,SAC,71
2010-11,Pape Sy,France,ATL,3
2010-11,Patty Mills,Australia,POR,64
2010-11,Pau Gasol,Spain,LAL,82
2010-11,Peja Stojakovic,Serbia,DAL,33
2010-11,Raja Bell,US Virgin Islands,UTA,68
2010-11,Rodrigue Beaubois,France,DAL,28
2010-11,Ronny Turiaf,France,NYK,64
2010-11,Rudy Fernandez,Spain,POR,78
2010-11,Samardo Samuels,Jamaica,CLE,37
2010-11,Samuel Dalembert,Haiti,SAC,80
2010-11,Sasha Pavlovic,Montenegro,BOS,31
2010-11,Sasha Vujacic,Slovenia,NJN,67
2010-11,Sean Marks,New Zealand,POR,29
2010-11,Semih Erden,Turkey,CLE,41
2010-11,Serge Ibaka,Democratic Republic of the Congo,OKC,82
2010-11,Solomon Alabi,Nigeria,TOR,12
2010-11,Steve Nash,Canada,PHX,75
2010-11,Thabo Sefolosha,Switzerland,OKC,79
2010-11,Tiago Splitter,Brazil,SAS,60
2010-11,Tim Duncan,US Virgin Islands,SAS,76
2010-11,Timofey Mozgov,Russia,DEN,45
2010-11,Tony Parker,France,SAS,78
2010-11,Vladimir Radmanovic,Serbia,GSW,74
2010-11,Yao Ming,China,HOU,5
2010-11,Yi Jianlian,China,WAS,63
2010-11,Zaza Pachulia,Georgia,ATL,79
2010-11,Zydrunas Ilgauskas,Lithuania,MIA,72
2011-12,Al Horford,Dominican Republic,ATL,11
2011-12,Anderson Varejao,Brazil,CLE,25
2011-12,Andrea Bargnani,Italy,TOR,31
2011-12,Andres Nocioni,Argentina,PHI,11
2011-12,Andrew Bogut,Australia,MIL,12
2011-12,Andris Biedrins,Latvia,GSW,47
2011-12,Beno Udrih,Slovenia,MIL,59
2011-12,Bismack Biyombo,DRC,CHA,63
2011-12,Boris Diaw,France,SAS,57
2011-12,Carlos Delfino,Argentina,MIL,54
2011-12,Christian Eyenga,Congo,LAL,7
2011-12,Cory Joseph,Canada,SAS,29
2011-12,Dan Gadzuric,Netherlands,NYK,2
2011-12,Danilo Gallinari,Italy,DEN,43
2011-12,Darko Milicic,Serbia,MIN,29
2011-12,DeSagana Diop,Senegal,CHA,27
2011-12,Dirk Nowitzki,Germany,DAL,62
2011-12,Eduardo Najera,Mexico,CHA,22
2011-12,Edwin Ubiles,Puerto Rico,WAS,4
2011-12,Enes Freedom,Turkey,UTA,66
2011-12,Ersan Ilyasova,Turkey,MIL,60
2011-12,Francisco Elson,Netherlands,PHI,5
2011-12,Francisco Garcia,Dominican Republic,SAC,49
2011-12,Gary Forbes,Panama,TOR,48
2011-12,Goran Dragic,Slovenia,HOU,66
2011-12,Greivis Vasquez,Venezuela,NOH,66
2011-12,Gustavo Ayon,Mexico,NOH,54
2011-12,Hamady Ndiaye,Senegal,WAS,3
2011-12,Hamed Haddadi,Iran,MEM,35
2011-12,Hasheem Thabeet,Tanzania,POR,20
2011-12,Hedo Turkoglu,Turkey,ORL,53
2011-12,Ian Mahinmi,France,DAL,61
2011-12,J.J. Barea,Puerto Rico,MIN,41
2011-12,Jamaal Magloire,Canada,TOR,34
2011-12,Jan Vesely,Czech Republic,WAS,57
2011-12,Jerome Jordan,Jamaica,NYK,21
2011-12,Joel Anthony,Canada,MIA,64
2011-12,Johan Petro,France,NJN,59
2011-12,Jonas Jerebko,Sweden,DET,64
2011-12,Jose Calderon,Spain,TOR,53
2011-12,Kelenna Azubuike,United Kingdom,DAL,3
2011-12,Kevin Seraphin,France,WAS,57
2011-12,Kyrie Irving,Australia,CLE,51
2011-12,Kyrylo Fesenko,Ukraine,IND,3
2011-12,Leandro Barbosa,Brazil,IND,64
2011-12,Linas Kleiza,Lithuania,TOR,49
2011-12,Luc Mbah a Moute,Cameroon,MIL,43
2011-12,Luis Scola,Argentina,HOU,66
2011-12,Luol Deng,United Kingdom,CHI,54
2011-12,Manu Ginobili,Argentina,SAS,34
2011-12,Marc Gasol,Spain,MEM,65
2011-12,Marcin Gortat,Poland,PHX,66
2011-12,Marco Belinelli,Italy,NOH,66
2011-12,Mehmet Okur,Turkey,NJN,17
2011-12,Mickael Pietrus,France,BOS,42
2011-12,Nene,Brazil,WAS,39
2011-12,Nicolas Batum,France,POR,59
2011-12,Nikola Pekovic,Montenegro,MIN,47
2011-12,Nikola Vučević,Montenegro,PHI,51
2011-12,Omer Asik,Turkey,CHI,66
2011-12,Omri Casspi,Israel,CLE,65
2011-12,Patty Mills,Australia,SAS,16
2011-12,Pau Gasol,Spain,LAL,65
2011-12,Raja Bell,US Virgin Islands,UTA,34
2011-12,Ricky Rubio,Spain,MIN,41
2011-12,Rodrigue Beaubois,France,DAL,53
2011-12,Ronny Turiaf,France,MIA,17
2011-12,Rudy Fernandez,Spain,DEN,31
2011-12,Samardo Samuels,Jamaica,CLE,54
2011-12,Samuel Dalembert,Haiti,HOU,65
2011-12,Sasha Pavlovic,Montenegro,BOS,45
2011-12,Semih Erden,Turkey,CLE,28
2011-12,Serge Ibaka,Democratic Republic of the Congo,OKC,66
2011-12,Solomon Alabi,Nigeria,TOR,14
2011-12,Steve Nash,Canada,PHX,62
2011-12,Thabo Sefolosha,Switzerland,OKC,42
2011-12,Tiago Splitter,Brazil,SAS,59
2011-12,Tim Duncan,US Virgin Islands,SAS,58
2011-12,Timofey Mozgov,Russia,DEN,44
2011-12,Tony Parker,France,SAS,60
2011-12,Tristan Thompson,Canada,CLE,60
2011-12,Vladimir Radmanovic,Serbia,ATL,49
2011-12,Yi Jianlian,China,DAL,30
2011-12,Zaza Pachulia,Georgia,ATL,58
2012-13,Al Horford,Dominican Republic,ATL,74
2012-13,Alexey Shved,Russia,MIN,77
2012-13,Anderson Varejao,Brazil,CLE,25
2012-13,Andrea Bargnani,Italy,TOR,35
2012-13,Andrei Kirilenko,Russia,MIN,64
2012-13,Andrew Bogut,Australia,GSW,32
2012-13,Andrew Nicholson,Canada,ORL,75
2012-13,Andris Biedrins,Latvia,GSW,53
2012-13,Aron Baynes,Australia,SAS,16
2012-13,Beno Udrih,Slovenia,ORL,66
2012-13,Bismack Biyombo,DRC,CHA,80
2012-13,Boris Diaw,France,SAS,75
2012-13,Carlos Delfino,Argentina,HOU,67
2012-13,Cory Joseph,Canada,SAS,28
2012-13,Danilo Gallinari,Italy,DEN,71
2012-13,Darko Milicic,Serbia,BOS,1
2012-13,DeSagana Diop,Senegal,CHA,22
2012-13,Dirk Nowitzki,Germany,DAL,53
2012-13,Donatas Motiejunas,Lithuania,HOU,44
2012-13,Enes Freedom,Turkey,UTA,70
2012-13,Ersan Ilyasova,Turkey,MIL,73
2012-13,Evan Fournier,France,DEN,38
2012-13,Fab Melo,Brazil,BOS,6
2012-13,Festus Ezeli,Nigeria,GSW,78
2012-13,Francisco Garcia,Dominican Republic,HOU,58
2012-13,Goran Dragic,Slovenia,PHX,77
2012-13,Greivis Vasquez,Venezuela,NOH,78
2012-13,Gustavo Ayon,Mexico,MIL,55
2012-13,Hamed Haddadi,Iran,PHX,30
2012-13,Hasheem Thabeet,Tanzania,OKC,66
2012-13,Hedo Turkoglu,Turkey,ORL,11
2012-13,Ian Mahinmi,France,IND,80
2012-13,J.J. Barea,Puerto Rico,MIN,74
2012-13,Jan Vesely,Czech Republic,WAS,51
2012-13,Jeffery Taylor,Sweden,CHA,77
2012-13,Joel Anthony,Canada,MIA,62
2012-13,Joel Freeland,United Kingdom,POR,51
2012-13,Johan Petro,France,ATL,31
2012-13,Jonas Jerebko,Sweden,DET,49
2012-13,Jonas Valančiūnas,Lithuania,TOR,62
2012-13,Jose Calderon,Spain,DET,73
2012-13,Kevin Seraphin,France,WAS,79
2012-13,Kris Joseph,Canada,BKN,10
2012-13,Kyrie Irving,Australia,CLE,59
2012-13,Leandro Barbosa,Brazil,BOS,41
2012-13,Linas Kleiza,Lithuania,TOR,20
2012-13,Luc Mbah a Moute,Cameroon,MIL,58
2012-13,Luis Scola,Argentina,PHX,82
2012-13,Luol Deng,United Kingdom,CHI,75
2012-13,Manu Ginobili,Argentina,SAS,60
2012-13,Marc Gasol,Spain,MEM,80
2012-13,Marcin Gortat,Poland,PHX,61
2012-13,Marco Belinelli,Italy,CHI,73
2012-13,Mickael Gelabale,France,MIN,36
2012-13,Mickael Pietrus,France,TOR,19
2012-13,Mirza Teletovic,Bosnia and Herzegovina,BKN,53
2012-13,Nando De Colo,France,SAS,72
2012-13,Nene,Brazil,WAS,61
2012-13,Nicolas Batum,France,POR,73
2012-13,Nikola Pekovic,Montenegro,MIN,62
2012-13,Nikola Vučević,Montenegro,ORL,77
2012-13,Omer Asik,Turkey,HOU,82
2012-13,Omri Casspi,Israel,CLE,43
2012-13,Pablo Prigioni,Argentina,NYK,78
2012-13,Patty Mills,Australia,SAS,58
2012-13,Pau Gasol,Spain,LAL,49
2012-13,Ricky Rubio,Spain,MIN,57
2012-13,Robert Sacre,Canada,LAL,32
2012-13,Rodrigue Beaubois,France,DAL,45
2012-13,Ronny Turiaf,France,LAC,65
2012-13,Samardo Samuels,Jamaica,CLE,18
2012-13,Samuel Dalembert,Haiti,MIL,47
2012-13,Sasha Pavlovic,Montenegro,POR,39
2012-13,Serge Ibaka,Democratic Republic of the Congo,OKC,80
2012-13,Steve Nash,Canada,LAL,50
2012-13,Thabo Sefolosha,Switzerland,OKC,81
2012-13,Tiago Splitter,Brazil,SAS,81
2012-13,Tim Duncan,US Virgin Islands,SAS,69
2012-13,Tim Ohlbrecht,Germany,HOU,3
2012-13,Timofey Mozgov,Russia,DEN,41
2012-13,Tony Parker,France,SAS,66
2012-13,Tornike Shengelia,Georgia,BKN,19
2012-13,Tristan Thompson,Canada,CLE,82
2012-13,Viacheslav Kravtsov,Ukraine,DET,25
2012-13,Victor Claver,Spain,POR,49
2012-13,Vladimir Radmanovic,Serbia,CHI,25
2012-13,Zaza Pachulia,Georgia,ATL,52
2013-14,Al Horford,Dominican Republic,ATL,29
2013-14,Alex Len,Ukraine,PHX,42
2013-14,Alexey Shved,Russia,MIN,63
2013-14,Alexis Ajinca,France,NOP,56
2013-14,Anderson Varejao,Brazil,CLE,65
2013-14,Andrea Bargnani,Italy,NYK,42
2013-14,Andrei Kirilenko,Russia,BKN,45
2013-14,Andrew Bogut,Australia,GSW,67
2013-14,Andrew Nicholson,Canada,ORL,76
2013-14,Andris Biedrins,Latvia,UTA,6
2013-14,Anthony Bennett,Canada,CLE,52
2013-14,Aron Baynes,Australia,SAS,53
2013-14,Beno Udrih,Slovenia,MEM,41
2013-14,Bismack Biyombo,DRC,CHA,77
2013-14,Boris Diaw,France,SAS,79
2013-14,Cory Joseph,Canada,SAS,68
2013-14,Dennis Schröder,Germany,ATL,49
2013-14,Dirk Nowitzki,Germany,DAL,80
2013-14,Donatas Motiejunas,Lithuania,HOU,62
2013-14,Elias Harris,Germany,LAL,2
2013-14,Enes Freedom,Turkey,UTA,80
2013-14,Erik Murphy,Finland,CHI,24
2013-14,Ersan Ilyasova,Turkey,MIL,55
2013-14,Evan Fournier,France,DEN,76
2013-14,Francisco Garcia,Dominican Republic,HOU,55
2013-14,Gal Mekel,Israel,DAL,31
2013-14,Giannis Antetokounmpo,Greece,MIL,77
2013-14,Gigi Datome,Italy,DET,34
2013-14,Goran Dragic,Slovenia,PHX,76
2013-14,Gorgui Dieng,Senegal,MIN,60
2013-14,Greivis Vasquez,Venezuela,TOR,79
2013-14,Gustavo Ayon,Mexico,ATL,26
2013-14,Hamady Ndiaye,Senegal,SAC,14
2013-14,Hasheem Thabeet,Tanzania,OKC,23
2013-14,Hedo Turkoglu,Turkey,LAC,38
2013-14,Ian Mahinmi,France,IND,77
2013-14,J.J. Barea,Puerto Rico,MIN,79
2013-14,Jan Vesely,Czech Republic,DEN,54
2013-14,Jeffery Taylor,Sweden,CHA,26
2013-14,Joel Anthony,Canada,BOS,33
2013-14,Joel Freeland,United Kingdom,POR,52
2013-14,Jonas Jerebko,Sweden,DET,64
2013-14,Jonas Valančiūnas,Lithuania,TOR,81
2013-14,Jorge Gutierrez,Mexico,BKN,15
2013-14,Jose Calderon,Spain,DAL,81
2013-14,Kelly Olynyk,Canada,BOS,70
2013-14,Kevin Seraphin,France,WAS,53
2013-14,Kyrie Irving,Australia,CLE,71
2013-14,Leandro Barbosa,Brazil,PHX,20
2013-14,Luc Mbah a Moute,Cameroon,MIN,64
2013-14,Luis Scola,Argentina,IND,82
2013-14,Luol Deng,United Kingdom,CLE,63
2013-14,Manu Ginobili,Argentina,SAS,68
2013-14,Marc Gasol,Spain,MEM,59
2013-14,Marcin Gortat,Poland,WAS,81
2013-14,Marco Belinelli,Italy,SAS,80
2013-14,Matthew Dellavedova,Australia,CLE,72
2013-14,Miroslav Raduljica,Serbia,MIL,48
2013-14,Mirza Teletovic,Bosnia and Herzegovina,BKN,72
2013-14,Nando De Colo,France,TOR,47
2013-14,Nemanja Nedovic,Serbia,GSW,24
2013-14,Nene,Brazil,WAS,53
2013-14,Nicolas Batum,France,POR,82
2013-14,Nikola Pekovic,Montenegro,MIN,54
2013-14,Nikola Vučević,Montenegro,ORL,57
2013-14,Ognjen Kuzmic,Serbia,GSW,21
2013-14,Omer Asik,Turkey,HOU,48
2013-14,Omri Casspi,Israel,HOU,71
2013-14,Pablo Prigioni,Argentina,NYK,66
2013-14,Patty Mills,Australia,SAS,81
2013-14,Pau Gasol,Spain,LAL,60
2013-14,Pero Antic,Macedonia,ATL,50
2013-14,Ricky Rubio,Spain,MIN,82
2013-14,Robert Sacre,Canada,LAL,65
2013-14,Ronny Turiaf,France,MIN,31
2013-14,Rudy Gobert,France,UTA,45
2013-14,Samuel Dalembert,Haiti,DAL,80
2013-14,Sasha Vujacic,Slovenia,LAC,2
2013-14,Serge Ibaka,Democratic Republic of the Congo,OKC,81
2013-14,Sergey Karasev,Russia,CLE,22
2013-14,Steve Nash,Canada,LAL,15
2013-14,Steven Adams,New Zealand,OKC,81
2013-14,Thabo Sefolosha,Switzerland,OKC,61
2013-14,Tiago Splitter,Brazil,SAS,59
2013-14,Tim Duncan,US Virgin Islands,SAS,74
2013-14,Timofey Mozgov,Russia,DEN,82
2013-14,Tony Parker,France,SAS,68
2013-14,Tornike Shengelia,Georgia,CHI,26
2013-14,Tristan Thompson,Canada,CLE,82
2013-14,Viacheslav Kravtsov,Ukraine,PHX,20
2013-14,Victor Claver,Spain,POR,21
2013-14,Vitor Faverani,Brazil,BOS,37
2013-14,Zaza Pachulia,Georgia,MIL,53
2014-15,Al Horford,Dominican Republic,ATL,76
2014-15,Alex Len,Ukraine,PHX,69
2014-15,Alexey Shved,Russia,NYK,42
2014-15,Alexis Ajinca,France,NOP,68
2014-15,Anderson Varejao,Brazil,CLE,26
2014-15,Andrea Bargnani,Italy,NYK,29
2014-15,Andrei Kirilenko,Russia,BKN,7
2014-15,Andrew Bogut,Australia,GSW,67
2014-15,Andrew Nicholson,Canada,ORL,40
2014-15,Andrew Wiggins,Canada,MIN,82
2014-15,Anthony Bennett,Canada,MIN,57
2014-15,Aron Baynes,Australia,SAS,70
2014-15,Beno Udrih,Slovenia,MEM,79
2014-15,Bismack Biyombo,DRC,CHA,64
2014-15,Bojan Bogdanovic,Croatia,BKN,78
2014-15,Boris Diaw,France,SAS,81
2014-15,Bruno Caboclo,Brazil,TOR,8
2014-15,Cameron Bairstow,Australia,CHI,18
2014-15,Clint Capela,Switzerland,HOU,12
2014-15,Cory Joseph,Canada,SAS,79
2014-15,Damjan Rudez,Croatia,IND,68
2014-15,Danilo Gallinari,Italy,DEN,59
2014-15,Dante Exum,Australia,UTA,82
2014-15,Dennis Schröder,Germany,ATL,77
2014-15,Dirk Nowitzki,Germany,DAL,77
2014-15,Donatas Motiejunas,Lithuania,HOU,71
2014-15,Dwight Powell,Canada,DAL,29
2014-15,Enes Freedom,Turkey,OKC,75
2014-15,Ersan Ilyasova,Turkey,MIL,58
2014-15,Evan Fournier,France,ORL,58
2014-15,Festus Ezeli,Nigeria,GSW,46
2014-15,Francisco Garcia,Dominican Republic,HOU,14
2014-15,Furkan Aldemir,Turkey,PHI,41
2014-15,Gal Mekel,Israel,DAL,4
2014-15,Giannis Antetokounmpo,Greece,MIL,81
2014-15,Gigi Datome,Italy,BOS,21
2014-15,Goran Dragic,Slovenia,MIA,78
2014-15,Gorgui Dieng,Senegal,MIN,73
2014-15,Greivis Vasquez,Venezuela,TOR,82
2014-15,Hedo Turkoglu,Turkey,LAC,62
2014-15,Ian Mahinmi,France,IND,61
2014-15,J.J. Barea,Puerto Rico,DAL,77
2014-15,Jeffery Taylor,Sweden,CHA,29
2014-15,Jerome Jordan,Jamaica,BKN,44
2014-15,Joe Ingles,Australia,UTA,79
2014-15,Joel Anthony,Canada,DET,49
2014-15,Joel Freeland,United Kingdom,POR,48
2014-15,Joffrey Lauvergne,France,DEN,24
2014-15,Jonas Jerebko,Sweden,BOS,75
2014-15,Jonas Valančiūnas,Lithuania,TOR,80
2014-15,Jorge Gutierrez,Mexico,MIL,20
2014-15,Jose Calderon,Spain,NYK,42
2014-15,Jusuf Nurkić,Bosnia and Herzegovina,DEN,62
2014-15,Kelly Olynyk,Canada,BOS,64
2014-15,Kevin Seraphin,France,WAS,79
2014-15,Kostas Papanikolaou,Greece,HOU,43
2014-15,Kyrie Irving,Australia,CLE,75
2014-15,Leandro Barbosa,Brazil,GSW,66
2014-15,Luc Mbah a Moute,Cameroon,PHI,67
2014-15,Lucas Nogueira,Brazil,TOR,6
2014-15,Luis Scola,Argentina,IND,81
2014-15,Luol Deng,United Kingdom,MIA,72
2014-15,Manu Ginobili,Argentina,SAS,70
2014-15,Marc Gasol,Spain,MEM,81
2014-15,Marcin Gortat,Poland,WAS,82
2014-15,Marco Belinelli,Italy,SAS,62
2014-15,Matthew Dellavedova,Australia,CLE,67
2014-15,Miroslav Raduljica,Serbia,MIN,5
2014-15,Mirza Teletovic,Bosnia and Herzegovina,BKN,40
2014-15,Nene,Brazil,WAS,67
2014-15,Nicolas Batum,France,POR,71
2014-15,Nik Stauskas,Canada,SAC,73
2014-15,Nikola Mirotic,Montenegro,CHI,82
2014-15,Nikola Pekovic,Montenegro,MIN,31
2014-15,Nikola Vučević,Montenegro,ORL,74
2014-15,Ognjen Kuzmic,Serbia,GSW,16
2014-15,Omer Asik,Turkey,NOP,76
2014-15,Omri Casspi,Israel,SAC,67
2014-15,Pablo Prigioni,Argentina,HOU,67
2014-15,Patty Mills,Australia,SAS,51
2014-15,Pau Gasol,Spain,CHI,78
2014-15,Pero Antic,Macedonia,ATL,63
2014-15,Ricky Rubio,Spain,MIN,22
2014-15,Robert Sacre,Canada,LAL,67
2014-15,Ronny Turiaf,France,MIN,2
2014-15,Rudy Gobert,France,UTA,82
2014-15,Samuel Dalembert,Haiti,NYK,32
2014-15,Serge Ibaka,Democratic Republic of the Congo,OKC,64
2014-15,Sergey Karasev,Russia,BKN,33
2014-15,Sim Bhullar,Canada,SAC,3
2014-15,Steven Adams,New Zealand,OKC,70
2014-15,Thabo Sefolosha,Switzerland,ATL,52
2014-15,Tiago Splitter,Brazil,SAS,52
2014-15,Tim Duncan,US Virgin Islands,SAS,77
2014-15,Timofey Mozgov,Russia,CLE,81
2014-15,Tony Parker,France,SAS,68
2014-15,Tristan Thompson,Canada,CLE,82
2014-15,Tyler Ennis,Canada,MIL,33
2014-15,Victor Claver,Spain,POR,10
2014-15,Zaza Pachulia,Georgia,MIL,73
2014-15,Zoran Dragic,Slovenia,MIA,16
2015-16,Al Horford,Dominican Republic,ATL,82
2015-16,Alex Len,Ukraine,PHX,78
2015-16,Alexis Ajinca,France,NOP,59
2015-16,Anderson Varejao,Brazil,GSW,53
2015-16,Andrea Bargnani,Italy,BKN,46
2015-16,Andrew Bogut,Australia,GSW,70
2015-16,Andrew Nicholson,Canada,ORL,56
2015-16,Andrew Wiggins,Canada,MIN,81
2015-16,Anthony Bennett,Canada,TOR,19
2015-16,Aron Baynes,Australia,DET,81
2015-16,Axel Toupane,France,DEN,21
2015-16,Beno Udrih,Slovenia,MEM,44
2015-16,Bismack Biyombo,DRC,TOR,82
2015-16,Boban Marjanovic,Serbia,SAS,54
2015-16,Bojan Bogdanovic,Croatia,BKN,79
2015-16,Boris Diaw,France,SAS,76
2015-16,Bruno Caboclo,Brazil,TOR,6
2015-16,Cameron Bairstow,Australia,DET,18
2015-16,Clint Capela,Switzerland,HOU,77
2015-16,Cory Joseph,Canada,TOR,80
2015-16,Cristiano Felicio,Brazil,CHI,31
2015-16,Damien Inglis,France,MIL,20
2015-16,Damjan Rudez,Croatia,MIN,33
2015-16,Danilo Gallinari,Italy,DEN,53
2015-16,Dennis Schröder,Germany,ATL,80
2015-16,Dirk Nowitzki,Germany,DAL,75
2015-16,Donatas Motiejunas,Lithuania,HOU,37
2015-16,Duje Dukan,Croatia,SAC,1
2015-16,Dwight Powell,Canada,DAL,69
2015-16,Edy Tavares,Cabo Verde,ATL,11
2015-16,Emmanuel Mudiay,Democratic Republic of the Congo,DEN,68
2015-16,Enes Freedom,Turkey,OKC,82
2015-16,Ersan Ilyasova,Turkey,ORL,74
2015-16,Evan Fournier,France,ORL,79
2015-16,Festus Ezeli,Nigeria,GSW,46
2015-16,Giannis Antetokounmpo,Greece,MIL,80
2015-16,Goran Dragic,Slovenia,MIA,72
2015-16,Gorgui Dieng,Senegal,MIN,82
2015-16,Greivis Vasquez,Venezuela,MIL,23
2015-16,Ian Mahinmi,France,IND,71
2015-16,J.J. Barea,Puerto Rico,DAL,74
2015-16,Joe Ingles,Australia,UTA,81
2015-16,Joel Anthony,Canada,DET,19
2015-16,Joffrey Lauvergne,France,DEN,59
2015-16,Jonas Jerebko,Sweden,BOS,78
2015-16,Jonas Valančiūnas,Lithuania,TOR,60
2015-16,Jorge Gutierrez,Mexico,CHA,12
2015-16,Jose Calderon,Spain,NYK,72
2015-16,Jusuf Nurkić,Bosnia and Herzegovina,DEN,32
2015-16,Kelly Olynyk,Canada,BOS,69
2015-16,Kevin Seraphin,France,NYK,48
2015-16,Kostas Papanikolaou,Greece,DEN,26
2015-16,Kristaps Porziņģis,Latvia,NYK,72
2015-16,Kyrie Irving,Australia,CLE,53
2015-16,Leandro Barbosa,Brazil,GSW,68
2015-16,Luc Mbah a Moute,Cameroon,LAC,75
2015-16,Lucas Nogueira,Brazil,TOR,29
2015-16,Luis Montero,Dominican Republic,POR,12
2015-16,Luis Scola,Argentina,TOR,76
2015-16,Luol Deng,United Kingdom,MIA,74
2015-16,Manu Ginobili,Argentina,SAS,58
2015-16,Marc Gasol,Spain,MEM,52
2015-16,Marcelo Huertas,Brazil,LAL,53
2015-16,Marcin Gortat,Poland,WAS,75
2015-16,Marco Belinelli,Italy,SAC,68
2015-16,Mario Hezonja,Croatia,ORL,79
2015-16,Matthew Dellavedova,Australia,CLE,76
2015-16,Mirza Teletovic,Bosnia and Herzegovina,PHX,79
2015-16,Nemanja Bjelica,Serbia,MIN,60
2015-16,Nene,Brazil,WAS,57
2015-16,Nicolas Batum,France,CHA,70
2015-16,Nik Stauskas,Canada,PHI,73
2015-16,Nikola Jokić,Serbia,DEN,80
2015-16,Nikola Mirotic,Montenegro,CHI,66
2015-16,Nikola Pekovic,Montenegro,MIN,12
2015-16,Nikola Vučević,Montenegro,ORL,65
2015-16,Omer Asik,Turkey,NOP,68
2015-16,Omri Casspi,Israel,SAC,69
2015-16,Pablo Prigioni,Argentina,LAC,59
2015-16,Patty Mills,Australia,SAS,81
2015-16,Pau Gasol,Spain,CHI,72
2015-16,Raul Neto,Brazil,UTA,81
2015-16,Ricky Rubio,Spain,MIN,76
2015-16,Robert Sacre,Canada,LAL,25
2015-16,Rudy Gobert,France,UTA,61
2015-16,Salah Mejri,Tunisia,DAL,34
2015-16,Sasha Kaun,Russia,CLE,25
2015-16,Sasha Vujacic,Slovenia,NYK,61
2015-16,Serge Ibaka,Democratic Republic of the Congo,OKC,78
2015-16,Sergey Karasev,Russia,BKN,40
2015-16,Steven Adams,New Zealand,OKC,80
2015-16,Thabo Sefolosha,Switzerland,ATL,75
2015-16,Thanasis Antetokounmpo,Greece,NYK,2
2015-16,Tiago Splitter,Brazil,ATL,36
2015-16,Tibor Pleiss,Germany,UTA,12
2015-16,Tim Duncan,US Virgin Islands,SAS,61
2015-16,Timofey Mozgov,Russia,CLE,76
2015-16,Tony Parker,France,SAS,72
2015-16,Trey Lyles,Canada,UTA,80
2015-16,Tristan Thompson,Canada,CLE,82
2015-16,Tyler Ennis,Canada,MIL,46
2015-16,Zaza Pachulia,Georgia,DAL,76
2016-17,Al Horford,Dominican Republic,BOS,68
2016-17,Alex Abrines,Spain,OKC,68
2016-17,Alex Len,Ukraine,PHX,77
2016-17,Alexis Ajinca,France,NOP,39
2016-17,Anderson Varejao,Brazil,GSW,14
2016-17,Andrew Bogut,Australia,CLE,27
2016-17,Andrew Nicholson,Canada,BKN,38
2016-17,Andrew Wiggins,Canada,MIN,82
2016-17,Anthony Bennett,Canada,BKN,23
2016-17,Aron Baynes,Australia,DET,75
2016-17,Axel Toupane,France,NOP,4
2016-17,Ben Bentil,Ghana,DAL,3
2016-17,Beno Udrih,Slovenia,DET,39
2016-17,Bismack Biyombo,DRC,ORL,81
2016-17,Boban Marjanovic,Serbia,DET,35
2016-17,Bojan Bogdanovic,Croatia,WAS,81
2016-17,Boris Diaw,France,UTA,73
2016-17,Bruno Caboclo,Brazil,TOR,9
2016-17,Buddy Hield,Bahamas,SAC,82
2016-17,Cheick Diallo,Mali,NOP,17
2016-17,Clint Capela,Switzerland,HOU,65
2016-17,Cory Joseph,Canada,TOR,80
2016-17,Cristiano Felicio,Brazil,CHI,66
2016-17,Damjan Rudez,Croatia,ORL,45
2016-17,Danilo Gallinari,Italy,DEN,63
2016-17,Dante Exum,Australia,UTA,66
2016-17,Dario Saric,Croatia,PHI,81
2016-17,Davis Bertans,Latvia,SAS,67
2016-17,Dennis Schröder,Germany,ATL,79
2016-17,Dirk Nowitzki,Germany,DAL,54
2016-17,Domantas Sabonis,Lithuania,OKC,81
2016-17,Donatas Motiejunas,Lithuania,NOP,34
2016-17,Dragan Bender,Croatia,PHX,43
2016-17,Dwight Powell,Canada,DAL,77
2016-17,Edy Tavares,Cabo Verde,CLE,2
2016-17,Emmanuel Mudiay,Democratic Republic of the Congo,DEN,55
2016-17,Enes Freedom,Turkey,OKC,72
2016-17,Ersan Ilyasova,Turkey,ATL,82
2016-17,Evan Fournier,France,ORL,68
2016-17,Georgios Papagiannis,Greece,SAC,22
2016-17,Giannis Antetokounmpo,Greece,MIL,80
2016-17,Goran Dragic,Slovenia,MIA,73
2016-17,Gorgui Dieng,Senegal,MIN,82
2016-17,Greivis Vasquez,Venezuela,BKN,3
2016-17,Ian Mahinmi,France,WAS,31
2016-17,Ivica Zubac,Croatia,LAL,38
2016-17,J.J. Barea,Puerto Rico,DAL,35
2016-17,Jakob Poeltl,Austria,TOR,54
2016-17,Jamal Murray,Canada,DEN,82
2016-17,Joe Ingles,Australia,UTA,82
2016-17,Joel Anthony,Canada,SAS,19
2016-17,Joel Bolomboy,Ukraine,UTA,12
2016-17,Joel Embiid,Cameroon,PHI,31
2016-17,Joffrey Lauvergne,France,CHI,70
2016-17,Jonas Jerebko,Sweden,BOS,78
2016-17,Jonas Valančiūnas,Lithuania,TOR,80
2016-17,Jose Calderon,Spain,ATL,41
2016-17,Juancho Hernangomez,Spain,DEN,62
2016-17,Jusuf Nurkić,Bosnia and Herzegovina,POR,65
2016-17,Kelly Olynyk,Canada,BOS,75
2016-17,Kevin Seraphin,France,IND,49
2016-17,Kristaps Porziņģis,Latvia,NYK,66
2016-17,Kyle Wiltjer,Canada,HOU,14
2016-17,Kyrie Irving,Australia,CLE,72
2016-17,Leandro Barbosa,Brazil,PHX,67
2016-17,Luc Mbah a Moute,Cameroon,LAC,80
2016-17,Lucas Nogueira,Brazil,TOR,57
2016-17,Luis Scola,Argentina,BKN,36
2016-17,Luol Deng,United Kingdom,LAL,56
2016-17,Manu Ginobili,Argentina,SAS,69
2016-17,Marc Gasol,Spain,MEM,74
2016-17,Marcelo Huertas,Brazil,LAL,23
2016-17,Marcin Gortat,Poland,WAS,82
2016-17,Marco Belinelli,Italy,CHA,74
2016-17,Mario Hezonja,Croatia,ORL,65
2016-17,Matthew Dellavedova,Australia,MIL,76
2016-17,Maurice Ndour,Senegal,NYK,32
2016-17,Mindaugas Kuzminskas,Lithuania,NYK,68
2016-17,Mirza Teletovic,Bosnia and Herzegovina,MIL,70
2016-17,Nemanja Bjelica,Serbia,MIN,65
2016-17,Nene,Brazil,HOU,67
2016-17,Nicolas Batum,France,CHA,77
2016-17,Nicolas Brussino,Argentina,DAL,54
2016-17,Nicolas Laprovittola,Argentina,SAS,18
2016-17,Nik Stauskas,Canada,PHI,80
2016-17,Nikola Jokić,Serbia,DEN,73
2016-17,Nikola Mirotic,Montenegro,CHI,70
2016-17,Nikola Vučević,Montenegro,ORL,75
2016-17,Omer Asik,Turkey,NOP,31
2016-17,Omri Casspi,Israel,MIN,36
2016-17,Pascal Siakam,Cameroon,TOR,55
2016-17,Patricio Garino,Argentina,ORL,5
2016-17,Patty Mills,Australia,SAS,80
2016-17,Pau Gasol,Spain,SAS,64
2016-17,Paul Zipser,Germany,CHI,44
2016-17,Raul Neto,Brazil,UTA,40
2016-17,Ricky Rubio,Spain,MIN,75
2016-17,Rudy Gobert,France,UTA,81
2016-17,Salah Mejri,Tunisia,DAL,73
2016-17,Sasha Vujacic,Slovenia,NYK,42
2016-17,Serge Ibaka,Democratic Republic of the Congo,TOR,79
2016-17,Sergio Rodriguez,Spain,PHI,68
2016-17,Skal Labissiere,Haiti,SAC,33
2016-17,Steven Adams,New Zealand,OKC,80
2016-17,Thabo Sefolosha,Switzerland,ATL,62
2016-17,Thon Maker,South Sudan,MIL,57
2016-17,Tiago Splitter,Brazil,PHI,8
2016-17,Timofey Mozgov,Russia,LAL,54
2016-17,Timothe Luwawu-Cabarrot,France,PHI,69
2016-17,Tomas Satoransky,Czech Republic,WAS,57
2016-17,Tony Parker,France,SAS,63
2016-17,Trey Lyles,Canada,UTA,71
2016-17,Tristan Thompson,Canada,CLE,78
2016-17,Tyler Ennis,Canada,LAL,53
2016-17,Willy Hernangomez,Spain,NYK,72
2016-17,Zaza Pachulia,Georgia,GSW,70
2017-18,Abdel Nader,Egypt,BOS,48
2017-18,Al Horford,Dominican Republic,BOS,72
2017-18,Alex Abrines,Spain,OKC,75
2017-18,Alex Len,Ukraine,PHX,69
2017-18,Andrew Bogut,Australia,LAL,24
2017-18,Andrew Wiggins,Canada,MIN,82
2017-18,Ante Zizic,Croatia,CLE,32
2017-18,Aron Baynes,Australia,BOS,81
2017-18,Ben Simmons,Australia,PHI,81
2017-18,Bismack Biyombo,DRC,ORL,82
2017-18,Boban Marjanovic,Serbia,LAC,39
2017-18,Bogdan Bogdanović,Serbia,SAC,78
2017-18,Bojan Bogdanovic,Croatia,IND,80
2017-18,Bruno Caboclo,Brazil,SAC,12
2017-18,Buddy Hield,Bahamas,SAC,80
2017-18,Cedi Osman,Turkey,CLE,61
2017-18,Cheick Diallo,Mali,NOP,52
2017-18,Chris Boucher,Saint Lucia,GSW,1
2017-18,Clint Capela,Switzerland,HOU,74
2017-18,Cory Joseph,Canada,IND,82
2017-18,Cristiano Felicio,Brazil,CHI,55
2017-18,Daniel Theis,Germany,BOS,63
2017-18,Danilo Gallinari,Italy,LAC,21
2017-18,Dante Exum,Australia,UTA,14
2017-18,Dario Saric,Croatia,PHI,78
2017-18,Davis Bertans,Latvia,SAS,77
2017-18,Dennis Schröder,Germany,ATL,67
2017-18,Dillon Brooks,Canada,MEM,82
2017-18,Dirk Nowitzki,Germany,DAL,77
2017-18,Domantas Sabonis,Lithuania,IND,74
2017-18,Dragan Bender,Croatia,PHX,82
2017-18,Dwight Powell,Canada,DAL,79
2017-18,Emmanuel Mudiay,Democratic Republic of the Congo,NYK,64
2017-18,Enes Freedom,Turkey,NYK,71
2017-18,Ersan Ilyasova,Turkey,PHI,69
2017-18,Evan Fournier,France,ORL,57
2017-18,Frank Ntilikina,France,NYK,78
2017-18,Furkan Korkmaz,Turkey,PHI,14
2017-18,Georgios Papagiannis,Greece,POR,17
2017-18,Gian Clavell,Puerto Rico,DAL,7
2017-18,Giannis Antetokounmpo,Greece,MIL,75
2017-18,Goran Dragic,Slovenia,MIA,75
2017-18,Gorgui Dieng,Senegal,MIN,79
2017-18,Guerschon Yabusele,France,BOS,33
2017-18,Ian Mahinmi,France,WAS,77
2017-18,Ivica Zubac,Croatia,LAL,43
2017-18,J.J. Barea,Puerto Rico,DAL,69
2017-18,Jakob Poeltl,Austria,TOR,82
2017-18,Jamal Murray,Canada,DEN,81
2017-18,Joe Ingles,Australia,UTA,82
2017-18,Joel Bolomboy,Ukraine,MIL,6
2017-18,Joel Embiid,Cameroon,PHI,63
2017-18,Joffrey Lauvergne,France,SAS,55
2017-18,Jonas Jerebko,Sweden,UTA,74
2017-18,Jonas Valančiūnas,Lithuania,TOR,77
2017-18,Jose Calderon,Spain,CLE,57
2017-18,Juancho Hernangomez,Spain,DEN,25
2017-18,Jusuf Nurkić,Bosnia and Herzegovina,POR,79
2017-18,Kelly Olynyk,Canada,MIA,76
2017-18,Khem Birch,Canada,ORL,42
2017-18,Kristaps Porziņģis,Latvia,NYK,48
2017-18,Kyrie Irving,Australia,BOS,60
2017-18,Lauri Markkanen,Finland,CHI,68
2017-18,Luc Mbah a Moute,Cameroon,HOU,61
2017-18,Lucas Nogueira,Brazil,TOR,49
2017-18,Luis Montero,Dominican Republic,DET,2
2017-18,Luol Deng,United Kingdom,LAL,1
2017-18,Mangok Mathiang,Australia,CHA,4
2017-18,Manu Ginobili,Argentina,SAS,65
2017-18,Marc Gasol,Spain,MEM,73
2017-18,Marcin Gortat,Poland,WAS,82
2017-18,Marco Belinelli,Italy,PHI,80
2017-18,Mario Hezonja,Croatia,ORL,75
2017-18,Matthew Dellavedova,Australia,MIL,38
2017-18,Maxi Kleber,Germany,DAL,72
2017-18,Milos Teodosic,Serbia,LAC,45
2017-18,Mindaugas Kuzminskas,Lithuania,NYK,1
2017-18,Mirza Teletovic,Bosnia and Herzegovina,MIL,10
2017-18,Naz Mitrou-Long,Canada,UTA,1
2017-18,Nemanja Bjelica,Serbia,MIN,67
2017-18,Nene,Brazil,HOU,52
2017-18,Nicolas Batum,France,CHA,64
2017-18,Nicolas Brussino,Argentina,ATL,4
2017-18,Nik Stauskas,Canada,BKN,41
2017-18,Nikola Jokić,Serbia,DEN,75
2017-18,Nikola Mirotic,Montenegro,NOP,55
2017-18,Nikola Vučević,Montenegro,ORL,57
2017-18,OG Anunoby,United Kingdom,TOR,74
2017-18,Omari Johnson,Jamaica,MEM,4
2017-18,Omer Asik,Turkey,CHI,18
2017-18,Omri Casspi,Israel,GSW,53
2017-18,Pascal Siakam,Cameroon,TOR,81
2017-18,Patty Mills,Australia,SAS,82
2017-18,Pau Gasol,Spain,SAS,77
2017-18,Paul Zipser,Germany,CHI,54
2017-18,Raul Neto,Brazil,UTA,41
2017-18,Ricky Rubio,Spain,UTA,77
2017-18,Rudy Gobert,France,UTA,56
2017-18,Salah Mejri,Tunisia,DAL,61
2017-18,Serge Ibaka,Democratic Republic of the Congo,TOR,76
2017-18,Skal Labissiere,Haiti,SAC,60
2017-18,Steven Adams,New Zealand,OKC,76
2017-18,Thabo Sefolosha,Switzerland,UTA,38
2017-18,Thon Maker,South Sudan,MIL,74
2017-18,Timofey Mozgov,Russia,BKN,31
2017-18,Timothe Luwawu-Cabarrot,France,PHI,52
2017-18,Tomas Satoransky,Czech Republic,WAS,73
2017-18,Tony Parker,France,SAS,55
2017-18,Trey Lyles,Canada,DEN,73
2017-18,Tristan Thompson,Canada,CLE,53
2017-18,Tyler Ennis,Canada,LAL,54
2017-18,Willy Hernangomez,Spain,CHA,48
2017-18,Xavier Rathan-Mayes,Canada,MEM,5
2017-18,Zaza Pachulia,Georgia,GSW,69
2017-18,Zhou Qi,China,HOU,18
2018-19,Abdel Nader,Egypt,OKC,61
2018-19,Al Horford,Dominican Republic,BOS,68
2018-19,Alex Abrines,Spain,OKC,31
2018-19,Alex Len,Ukraine,ATL,77
2018-19,Andrew Bogut,Australia,GSW,11
2018-19,Andrew Wiggins,Canada,MIN,73
2018-19,Angel Delgado,Dominican Republic,LAC,2
2018-19,Ante Zizic,Croatia,CLE,59
2018-19,Aron Baynes,Australia,BOS,51
2018-19,Ben Simmons,Australia,PHI,79
2018-19,Bismack Biyombo,DRC,CHA,54
2018-19,Boban Marjanovic,Serbia,PHI,58
2018-19,Bogdan Bogdanović,Serbia,SAC,70
2018-19,Bojan Bogdanovic,Croatia,IND,81
2018-19,Bruno Caboclo,Brazil,MEM,34
2018-19,Buddy Hield,Bahamas,SAC,82
2018-19,Cedi Osman,Turkey,CLE,76
2018-19,Cheick Diallo,Mali,NOP,64
2018-19,Chris Boucher,Saint Lucia,TOR,28
2018-19,Clint Capela,Switzerland,HOU,67
2018-19,Cory Joseph,Canada,IND,82
2018-19,Cristiano Felicio,Brazil,CHI,60
2018-19,Dairis Bertans,Latvia,NOP,12
2018-19,Daniel Theis,Germany,BOS,66
2018-19,Danilo Gallinari,Italy,LAC,68
2018-19,Dante Exum,Australia,UTA,42
2018-19,Dario Saric,Croatia,MIN,81
2018-19,Davis Bertans,Latvia,SAS,76
2018-19,DeVaughn Akoon-Purcell,Trinidad and Tobago,DEN,7
2018-19,Deandre Ayton,Bahamas,PHX,71
2018-19,Deng Adel,South Sudan,CLE,19
2018-19,Dennis Schröder,Germany,OKC,79
2018-19,Dillon Brooks,Canada,MEM,18
2018-19,Dirk Nowitzki,Germany,DAL,51
2018-19,Domantas Sabonis,Lithuania,IND,74
2018-19,Donatas Motiejunas,Lithuania,SAS,3
2018-19,Dragan Bender,Croatia,PHX,46
2018-19,Dwight Powell,Canada,DAL,77
2018-19,Dzanan Musa,Bosnia and Herzegovina,BKN,9
2018-19,Elie Okobo,France,PHX,53
2018-19,Emmanuel Mudiay,Democratic Republic of the Congo,NYK,59
2018-19,Enes Freedom,Turkey,POR,67
2018-19,Ersan Ilyasova,Turkey,MIL,67
2018-19,Evan Fournier,France,ORL,81
2018-19,Frank Ntilikina,France,NYK,43
2018-19,Furkan Korkmaz,Turkey,PHI,48
2018-19,Giannis Antetokounmpo,Greece,MIL,72
2018-19,Goran Dragic,Slovenia,MIA,36
2018-19,Gorgui Dieng,Senegal,MIN,76
2018-19,Guerschon Yabusele,France,BOS,41
2018-19,Ian Mahinmi,France,WAS,34
2018-19,Isaac Bonga,Germany,LAL,22
2018-19,Isaac Humphries,Australia,ATL,5
2018-19,Isaiah Hartenstein,Germany,HOU,28
2018-19,Ivica Zubac,Croatia,LAC,59
2018-19,J.J. Barea,Puerto Rico,DAL,38
2018-19,Jakob Poeltl,Austria,SAS,77
2018-19,Jamal Murray,Canada,DEN,75
2018-19,Joe Ingles,Australia,UTA,82
2018-19,Joel Embiid,Cameroon,PHI,64
2018-19,Jonah Bolden,Australia,PHI,44
2018-19,Jonas Jerebko,Sweden,GSW,73
2018-19,Jonas Valančiūnas,Lithuania,MEM,49
2018-19,Jose Calderon,Spain,DET,49
2018-19,Josh Okogie,Nigeria,MIN,74
2018-19,Juancho Hernangomez,Spain,DEN,70
2018-19,Jusuf Nurkić,Bosnia and Herzegovina,POR,72
2018-19,Kelly Olynyk,Canada,MIA,79
2018-19,Khem Birch,Canada,ORL,50
2018-19,Kostas Antetokounmpo,Greece,DAL,2
2018-19,Kyrie Irving,Australia,BOS,67
2018-19,Lauri Markkanen,Finland,CHI,52
2018-19,Luc Mbah a Moute,Cameroon,LAC,4
2018-19,Luka Dončić,Slovenia,DAL,72
2018-19,Luol Deng,United Kingdom,MIN,22
2018-19,Marc Gasol,Spain,TOR,79
2018-19,Marcin Gortat,Poland,LAC,47
2018-19,Marco Belinelli,Italy,SAS,79
2018-19,Mario Hezonja,Croatia,NYK,58
2018-19,Matthew Dellavedova,Australia,CLE,48
2018-19,Maxi Kleber,Germany,DAL,71
2018-19,Milos Teodosic,Serbia,LAC,15
2018-19,Mitchell Creek,Australia,MIN,5
2018-19,Moritz Wagner,Germany,LAL,43
2018-19,Naz Mitrou-Long,Canada,UTA,14
2018-19,Nemanja Bjelica,Serbia,SAC,77
2018-19,Nene,Brazil,HOU,42
2018-19,Nicolas Batum,France,CHA,75
2018-19,Nik Stauskas,Canada,CLE,68
2018-19,Nikola Jokić,Serbia,DEN,80
2018-19,Nikola Mirotic,Montenegro,MIL,46
2018-19,Nikola Vučević,Montenegro,ORL,80
2018-19,OG Anunoby,United Kingdom,TOR,67
2018-19,Omri Casspi,Israel,MEM,36
2018-19,Pascal Siakam,Cameroon,TOR,80
2018-19,Patty Mills,Australia,SAS,82
2018-19,Pau Gasol,Spain,MIL,30
2018-19,Raul Neto,Brazil,UTA,37
2018-19,Ricky Rubio,Spain,UTA,68
2018-19,Rodions Kurucs,Latvia,BKN,63
2018-19,Rudy Gobert,France,UTA,81
2018-19,Ryan Broekhoff,Australia,DAL,42
2018-19,Salah Mejri,Tunisia,DAL,36
2018-19,Serge Ibaka,Democratic Republic of the Congo,TOR,74
2018-19,Shai Gilgeous-Alexander,Canada,LAC,82
2018-19,Skal Labissiere,Haiti,POR,22
2018-19,Steven Adams,New Zealand,OKC,80
2018-19,Svi Mykhailiuk,Ukraine,DET,42
2018-19,Thabo Sefolosha,Switzerland,UTA,50
2018-19,Thon Maker,South Sudan,DET,64
2018-19,Timothe Luwawu-Cabarrot,France,CHI,50
2018-19,Tomas Satoransky,Czech Republic,WAS,80
2018-19,Tony Parker,France,CHA,56
2018-19,Trey Lyles,Canada,DEN,64
2018-19,Tristan Thompson,Canada,CLE,43
2018-19,Willy Hernangomez,Spain,CHA,58
2018-19,Yuta Watanabe,Japan,MEM,15
2018-19,Zaza Pachulia,Georgia,DET,68
2018-19,Zhou Qi,China,HOU,1
2019-20,Abdel Nader,Egypt,OKC,55
2019-20,Adam Mokoka,France,CHI,11
2019-20,Admiral Schofield,United Kingdom,WAS,33
2019-20,Al Horford,Dominican Republic,PHI,67
2019-20,Alen Smailagic,Serbia,GSW,14
2019-20,Alex Len,Ukraine,SAC,55
2019-20,Andrew Wiggins,Canada,GSW,54
2019-20,Ante Zizic,Croatia,CLE,22
2019-20,Anžejs Pasečņiks,Latvia,WAS,27
2019-20,Aron Baynes,Australia,PHX,42
2019-20,Ben Simmons,Australia,PHI,57
2019-20,Bismack Biyombo,DRC,CHA,53
2019-20,Boban Marjanovic,Serbia,DAL,44
2019-20,Bogdan Bogdanović,Serbia,SAC,61
2019-20,Bojan Bogdanovic,Croatia,UTA,63
2019-20,Bol Bol,Sudan,DEN,7
2019-20,Brandon Clarke,Canada,MEM,58
2019-20,Bruno Caboclo,Brazil,HOU,30
2019-20,Bruno Fernando,Angola,ATL,56
2019-20,Buddy Hield,Bahamas,SAC,72
2019-20,Cedi Osman,Turkey,CLE,65
2019-20,Cheick Diallo,Mali,PHX,47
2019-20,Chris Boucher,Saint Lucia,TOR,62
2019-20,Chris Silva,Gabon,MIA,44
2019-20,Clint Capela,Switzerland,ATL,39
2019-20,Cory Joseph,Canada,SAC,72
2019-20,Cristiano Felicio,Brazil,CHI,22
2019-20,Daniel Theis,Germany,BOS,65
2019-20,Danilo Gallinari,Italy,OKC,62
2019-20,Dante Exum,Australia,CLE,35
2019-20,Dario Saric,Croatia,PHX,66
2019-20,Davis Bertans,Latvia,WAS,54
2019-20,Deandre Ayton,Bahamas,PHX,38
2019-20,Dennis Schröder,Germany,OKC,65
2019-20,Dillon Brooks,Canada,MEM,73
2019-20,Domantas Sabonis,Lithuania,IND,62
2019-20,Dragan Bender,Croatia,GSW,16
2019-20,Dwight Powell,Canada,DAL,40
2019-20,Dzanan Musa,Bosnia and Herzegovina,BKN,40
2019-20,Elie Okobo,France,PHX,55
2019-20,Emmanuel Mudiay,Democratic Republic of the Congo,UTA,54
2019-20,Enes Freedom,Turkey,BOS,58
2019-20,Ersan Ilyasova,Turkey,MIL,63
2019-20,Evan Fournier,France,ORL,66
2019-20,Frank Ntilikina,France,NYK,57
2019-20,Furkan Korkmaz,Turkey,PHI,72
2019-20,Giannis Antetokounmpo,Greece,MIL,63
2019-20,Goga Bitadze,Georgia,IND,54
2019-20,Goran Dragic,Slovenia,MIA,59
2019-20,Gorgui Dieng,Senegal,MEM,63
2019-20,Ian Mahinmi,France,WAS,38
2019-20,Ignas Brazdeikis,Canada,NYK,9
2019-20,Isaac Bonga,Germany,WAS,66
2019-20,Isaiah Hartenstein,Germany,HOU,23
2019-20,Ivica Zubac,Croatia,LAC,72
2019-20,J.J. Barea,Puerto Rico,DAL,29
2019-20,Jakob Poeltl,Austria,SAS,66
2019-20,Jamal Murray,Canada,DEN,59
2019-20,Jaylen Hoard,France,POR,13
2019-20,Joe Ingles,Australia,UTA,72
2019-20,Joel Embiid,Cameroon,PHI,51
2019-20,Jonah Bolden,Australia,PHX,7
2019-20,Jonas Valančiūnas,Lithuania,MEM,70
2019-20,Josh Okogie,Nigeria,MIN,62
2019-20,Juancho Hernangomez,Spain,MIN,48
2019-20,Jusuf Nurkić,Bosnia and Herzegovina,POR,8
2019-20,Kelly Olynyk,Canada,MIA,67
2019-20,Khem Birch,Canada,ORL,48
2019-20,Kostas Antetokounmpo,Greece,LAL,5
2019-20,Kristaps Porziņģis,Latvia,DAL,57
2019-20,Kyle Alexander,Canada,MIA,2
2019-20,Kyrie Irving,Australia,BKN,20
2019-20,Lauri Markkanen,Finland,CHI,50
2019-20,Luc Mbah a Moute,Cameroon,HOU,3
2019-20,Luguentz Dort,Canada,OKC,36
2019-20,Luka Dončić,Slovenia,DAL,61
2019-20,Luka Samanic,Croatia,SAS,3
2019-20,Marc Gasol,Spain,TOR,44
2019-20,Marco Belinelli,Italy,SAS,57
2019-20,Marial Shayok,Canada,PHI,4
2019-20,Mario Hezonja,Croatia,POR,53
2019-20,Marko Guduric,Serbia,MEM,44
2019-20,Matthew Dellavedova,Australia,CLE,57
2019-20,Maxi Kleber,Germany,DAL,74
2019-20,Mfiondu Kabengele,Canada,LAC,12
2019-20,Moritz Wagner,Germany,WAS,45
2019-20,Mychal Mulder,Canada,GSW,7
2019-20,Naz Mitrou-Long,Canada,IND,5
2019-20,Nemanja Bjelica,Serbia,SAC,72
2019-20,Nickeil Alexander-Walker,Canada,NOP,47
2019-20,Nicolas Batum,France,CHA,22
2019-20,Nicolo Melli,Italy,NOP,60
2019-20,Nikola Jokić,Serbia,DEN,73
2019-20,Nikola Vučević,Montenegro,ORL,62
2019-20,Norvel Pelle,Antigua and Barbuda,PHI,24
2019-20,OG Anunoby,United Kingdom,TOR,69
2019-20,Oshae Brissett,Canada,TOR,19
2019-20,Pascal Siakam,Cameroon,TOR,60
2019-20,Patty Mills,Australia,SAS,66
2019-20,RJ Barrett,Canada,NYK,56
2019-20,Raul Neto,Brazil,PHI,54
2019-20,Ricky Rubio,Spain,PHX,65
2019-20,Rodions Kurucs,Latvia,BKN,47
2019-20,Rudy Gobert,France,UTA,68
2019-20,Rui Hachimura,Japan,WAS,48
2019-20,Ryan Broekhoff,Australia,PHI,17
2019-20,Sekou Doumbouya,France,DET,38
2019-20,Serge Ibaka,Democratic Republic of the Congo,TOR,55
2019-20,Shai Gilgeous-Alexander,Canada,OKC,70
2019-20,Skal Labissiere,Haiti,ATL,33
2019-20,Steven Adams,New Zealand,OKC,63
2019-20,Svi Mykhailiuk,Ukraine,DET,56
2019-20,Tacko Fall,Senegal,BOS,7
2019-20,Thabo Sefolosha,Switzerland,HOU,41
2019-20,Thanasis Antetokounmpo,Greece,MIL,20
2019-20,Thon Maker,South Sudan,DET,60
2019-20,Timothe Luwawu-Cabarrot,France,BKN,47
2019-20,Tomas Satoransky,Czech Republic,CHI,65
2019-20,Trey Lyles,Canada,SAS,63
2019-20,Tristan Thompson,Canada,CLE,57
2019-20,Vincent Poirier,France,BOS,22
2019-20,Vlatko Čančar,Slovenia,DEN,14
2019-20,Wenyen Gabriel,South Sudan,POR,30
2019-20,William Howard,France,HOU,2
2019-20,Willy Hernangomez,Spain,CHA,31
2019-20,Yuta Watanabe,Japan,MEM,18
2020-21,Abdel Nader,Egypt,PHX,24
2020-21,Adam Mokoka,France,CHI,14
2020-21,Al Horford,Dominican Republic,BOS,28
2020-21,Aleksej Pokusevski,Serbia,OKC,45
2020-21,Alen Smailagic,Serbia,GSW,15
2020-21,Alex Len,Ukraine,WAS,64
2020-21,Anderson Varejao,Brazil,CLE,5
2020-21,Andrew Wiggins,Canada,GSW,71
2020-21,Anžejs Pasečņiks,Latvia,WAS,1
2020-21,Aron Baynes,Australia,TOR,53
2020-21,Axel Toupane,France,MIL,8
2020-21,Ben Simmons,Australia,PHI,58
2020-21,Bismack Biyombo,DRC,CHA,66
2020-21,Boban Marjanovic,Serbia,DAL,33
2020-21,Bogdan Bogdanović,Serbia,ATL,44
2020-21,Bojan Bogdanovic,Croatia,UTA,72
2020-21,Bol Bol,Sudan,DEN,32
2020-21,Brandon Clarke,Canada,MEM,59
2020-21,Bruno Caboclo,Brazil,HOU,6
2020-21,Bruno Fernando,Angola,ATL,33
2020-21,Buddy Hield,Bahamas,SAC,71
2020-21,Cedi Osman,Turkey,CLE,59
2020-21,Chris Boucher,Saint Lucia,TOR,60
2020-21,Chris Silva,Gabon,SAC,15
2020-21,Clint Capela,Switzerland,ATL,63
2020-21,Cory Joseph,Canada,DET,63
2020-21,Cristiano Felicio,Brazil,CHI,18
2020-21,Daniel Theis,Germany,CHI,65
2020-21,Danilo Gallinari,Italy,ATL,51
2020-21,Dante Exum,Australia,HOU,6
2020-21,Dario Saric,Croatia,PHX,50
2020-21,Davis Bertans,Latvia,WAS,57
2020-21,Deandre Ayton,Bahamas,PHX,69
2020-21,Deividas Sirvydis,Lithuania,DET,20
2020-21,Deni Avdija,Israel,WAS,54
2020-21,Dennis Schröder,Germany,LAL,61
2020-21,Didi Louzada,Brazil,NOP,3
2020-21,Dillon Brooks,Canada,MEM,67
2020-21,Domantas Sabonis,Lithuania,IND,62
2020-21,Dwight Powell,Canada,DAL,58
2020-21,Enes Freedom,Turkey,POR,72
2020-21,Ersan Ilyasova,Turkey,UTA,17
2020-21,Evan Fournier,France,BOS,42
2020-21,Facundo Campazzo,Argentina,DEN,65
2020-21,Frank Ntilikina,France,NYK,33
2020-21,Furkan Korkmaz,Turkey,PHI,55
2020-21,Gabriel Deck,Argentina,OKC,10
2020-21,Giannis Antetokounmpo,Greece,MIL,61
2020-21,Goga Bitadze,Georgia,IND,45
2020-21,Goran Dragic,Slovenia,MIA,50
2020-21,Gorgui Dieng,Senegal,SAS,38
2020-21,Ignas Brazdeikis,Canada,ORL,13
2020-21,Isaac Bonga,Germany,WAS,40
2020-21,Isaiah Hartenstein,Germany,CLE,46
2020-21,Ivica Zubac,Croatia,LAC,72
2020-21,Jakob Poeltl,Austria,SAS,69
2020-21,Jamal Murray,Canada,DEN,48
2020-21,Jaylen Hoard,France,OKC,19
2020-21,Joe Ingles,Australia,UTA,67
2020-21,Joel Embiid,Cameroon,PHI,51
2020-21,Jonas Valančiūnas,Lithuania,MEM,62
2020-21,Josh Green,Australia,DAL,39
2020-21,Josh Okogie,Nigeria,MIN,59
2020-21,Juancho Hernangomez,Spain,MIN,52
2020-21,Jusuf Nurkić,Bosnia and Herzegovina,POR,37
2020-21,Karim Mane,Senegal,ORL,10
2020-21,Kelly Olynyk,Canada,HOU,70
2020-21,Khem Birch,Canada,TOR,67
2020-21,Killian Hayes,France,DET,26
2020-21,Killian Tillie,France,MEM,18
2020-21,Kostas Antetokounmpo,Greece,LAL,15
2020-21,Kristaps Porziņģis,Latvia,DAL,43
2020-21,Kyrie Irving,Australia,BKN,54
2020-21,Lauri Markkanen,Finland,CHI,51
2020-21,Luguentz Dort,Canada,OKC,52
2020-21,Luka Dončić,Slovenia,DAL,66
2020-21,Luka Samanic,Croatia,SAS,33
2020-21,Mamadi Diakite,Guinea,MIL,14
2020-21,Marc Gasol,Spain,LAL,52
2020-21,Matthew Dellavedova,Australia,CLE,13
2020-21,Maxi Kleber,Germany,DAL,50
2020-21,Mfiondu Kabengele,Canada,CLE,39
2020-21,Moritz Wagner,Germany,ORL,45
2020-21,Mychal Mulder,Canada,GSW,60
2020-21,Nate Darling,Canada,CHA,7
2020-21,Nemanja Bjelica,Serbia,MIA,37
2020-21,Nick Richards,Jamaica,CHA,18
2020-21,Nickeil Alexander-Walker,Canada,NOP,46
2020-21,Nico Mannion,Italy,GSW,30
2020-21,Nicolas Batum,France,LAC,67
2020-21,Nicolo Melli,Italy,DAL,45
2020-21,Nikola Jokić,Serbia,DEN,72
2020-21,Nikola Vučević,Montenegro,CHI,70
2020-21,Norvel Pelle,Antigua and Barbuda,NYK,13
2020-21,OG Anunoby,United Kingdom,TOR,43
2020-21,Oshae Brissett,Canada,IND,21
2020-21,Pascal Siakam,Cameroon,TOR,56
2020-21,Patty Mills,Australia,SAS,68
2020-21,Precious Achiuwa,Nigeria,MIA,61
2020-21,RJ Barrett,Canada,NYK,72
2020-21,Raul Neto,Brazil,WAS,64
2020-21,Ricky Rubio,Spain,MIN,68
2020-21,Rodions Kurucs,Latvia,MIL,21
2020-21,Rudy Gobert,France,UTA,71
2020-21,Rui Hachimura,Japan,WAS,57
2020-21,Sekou Doumbouya,France,DET,56
2020-21,Serge Ibaka,Democratic Republic of the Congo,LAC,41
2020-21,Shai Gilgeous-Alexander,Canada,OKC,35
2020-21,Steven Adams,New Zealand,NOP,58
2020-21,Svi Mykhailiuk,Ukraine,OKC,66
2020-21,Tacko Fall,Senegal,BOS,19
2020-21,Thanasis Antetokounmpo,Greece,MIL,57
2020-21,Theo Maledon,France,OKC,65
2020-21,Thon Maker,South Sudan,CLE,8
2020-21,Timothe Luwawu-Cabarrot,France,BKN,58
2020-21,Tomas Satoransky,Czech Republic,CHI,58
2020-21,Trey Lyles,Canada,SAS,23
2020-21,Tristan Thompson,Canada,BOS,54
2020-21,Udoka Azubuike,Nigeria,UTA,15
2020-21,Vincent Poirier,France,PHI,10
2020-21,Vlatko Čančar,Slovenia,DEN,41
2020-21,Wenyen Gabriel,South Sudan,NOP,21
2020-21,Will Magnay,Australia,NOP,1
2020-21,Willy Hernangomez,Spain,NOP,47
2020-21,Yuta Watanabe,Japan,TOR,50
2021-22,Abdel Nader,Egypt,PHX,14
2021-22,Admiral Schofield,United Kingdom,ORL,38
2021-22,Al Horford,Dominican Republic,BOS,69
2021-22,Aleksej Pokusevski,Serbia,OKC,61
2021-22,Alex Len,Ukraine,SAC,39
2021-22,Alperen Sengun,Turkey,HOU,72
2021-22,Andrew Wiggins,Canada,GSW,73
2021-22,Arnoldas Kulboka,Lithuania,CHA,2
2021-22,Bismack Biyombo,DRC,PHX,36
2021-22,Boban Marjanovic,Serbia,DAL,23
2021-22,Bogdan Bogdanović,Serbia,ATL,63
2021-22,Bojan Bogdanovic,Croatia,UTA,69
2021-22,Bol Bol,Sudan,ORL,14
2021-22,Brandon Clarke,Canada,MEM,64
2021-22,Bruno Fernando,Angola,HOU,30
2021-22,Buddy Hield,Bahamas,IND,81
2021-22,Cam Thomas,Japan,BKN,67
2021-22,Cedi Osman,Turkey,CLE,66
2021-22,Charles Bassey,Nigeria,PHI,23
2021-22,Cheick Diallo,Mali,DET,3
2021-22,Chris Boucher,Saint Lucia,TOR,80
2021-22,Chris Duarte,Dominican Republic,IND,55
2021-22,Chris Silva,Gabon,MIA,10
2021-22,Clint Capela,Switzerland,ATL,74
2021-22,Cory Joseph,Canada,DET,65
2021-22,Dalano Banton,Canada,TOR,64
2021-22,Daniel Theis,Germany,BOS,47
2021-22,Danilo Gallinari,Italy,ATL,66
2021-22,Davis Bertans,Latvia,DAL,56
2021-22,Deandre Ayton,Bahamas,PHX,58
2021-22,Deividas Sirvydis,Lithuania,DET,3
2021-22,Deni Avdija,Israel,WAS,82
2021-22,Dennis Schröder,Germany,HOU,64
2021-22,Didi Louzada,Brazil,POR,9
2021-22,Dillon Brooks,Canada,MEM,32
2021-22,Domantas Sabonis,Lithuania,SAC,62
2021-22,Duane Washington Jr.,Germany,IND,48
2021-22,Dwight Powell,Canada,DAL,82
2021-22,Emmanuel Mudiay,Democratic Republic of the Congo,SAC,2
2021-22,Enes Freedom,Turkey,BOS,35
2021-22,Eugene Omoruyi,Nigeria,DAL,4
2021-22,Evan Fournier,France,NYK,80
2021-22,Facundo Campazzo,Argentina,DEN,65
2021-22,Frank Ntilikina,France,DAL,58
2021-22,Franz Wagner,Germany,ORL,79
2021-22,Furkan Korkmaz,Turkey,PHI,67
2021-22,Gabriel Deck,Argentina,OKC,7
2021-22,Gabriel Lundberg,Denmark,PHX,4
2021-22,Georgios Kalaitzakis,Greece,OKC,13
2021-22,Giannis Antetokounmpo,Greece,MIL,67
2021-22,Goga Bitadze,Georgia,IND,50
2021-22,Goran Dragic,Slovenia,BKN,21
2021-22,Gorgui Dieng,Senegal,ATL,44
2021-22,Ignas Brazdeikis,Canada,ORL,42
2021-22,Isaac Bonga,Germany,TOR,15
2021-22,Isaiah Hartenstein,Germany,LAC,68
2021-22,Ivica Zubac,Croatia,LAC,76
2021-22,Jaime Echenique,Colombia,WAS,1
2021-22,Jakob Poeltl,Austria,SAS,68
2021-22,Jaylen Hoard,France,OKC,7
2021-22,Jock Landale,Australia,SAS,54
2021-22,Joe Ingles,Australia,POR,45
2021-22,Joel Ayayi,France,WAS,7
2021-22,Joel Embiid,Cameroon,PHI,68
2021-22,Jonas Valančiūnas,Lithuania,NOP,74
2021-22,Jonathan Kuminga,DRC,GSW,70
2021-22,Josh Giddey,Australia,OKC,54
2021-22,Josh Green,Australia,DAL,67
2021-22,Josh Okogie,Nigeria,MIN,49
2021-22,Joshua Primo,Canada,SAS,50
2021-22,Juancho Hernangomez,Spain,UTA,40
2021-22,Jusuf Nurkić,Bosnia and Herzegovina,POR,56
2021-22,Kai Jones,Bahamas,CHA,21
2021-22,Kelly Olynyk,Canada,DET,40
2021-22,Kevin Pangos,Canada,CLE,24
2021-22,Khem Birch,Canada,TOR,55
2021-22,Killian Hayes,France,DET,66
2021-22,Killian Tillie,France,MEM,36
2021-22,Kristaps Porziņģis,Latvia,WAS,51
2021-22,Kyrie Irving,Australia,BKN,29
2021-22,Lauri Markkanen,Finland,CLE,61
2021-22,Leandro Bolmaro,Argentina,MIN,35
2021-22,Lindell Wigginton,Canada,MIL,19
2021-22,Luguentz Dort,Canada,OKC,51
2021-22,Luka Dončić,Slovenia,DAL,65
2021-22,Mamadi Diakite,Guinea,OKC,13
2021-22,Marko Simonovic,Montenegro,CHI,9
2021-22,Maxi Kleber,Germany,DAL,59
2021-22,Moritz Wagner,Germany,ORL,63
2021-22,Mychal Mulder,Canada,MIA,17
2021-22,Neemias Queta,Portugal,SAC,15
2021-22,Nemanja Bjelica,Serbia,GSW,71
2021-22,Nick Richards,Jamaica,CHA,50
2021-22,Nickeil Alexander-Walker,Canada,UTA,65
2021-22,Nicolas Batum,France,LAC,59
2021-22,Nik Stauskas,Canada,BOS,8
2021-22,Nikola Jokić,Serbia,DEN,74
2021-22,Nikola Vučević,Montenegro,CHI,73
2021-22,Norvel Pelle,Antigua and Barbuda,UTA,3
2021-22,OG Anunoby,United Kingdom,TOR,48
2021-22,Olivier Sarr,France,OKC,22
2021-22,Omer Yurtseven,Turkey,MIA,56
2021-22,Oshae Brissett,Canada,IND,67
2021-22,Pascal Siakam,Cameroon,TOR,68
2021-22,Patty Mills,Australia,BKN,81
2021-22,Petr Cornelie,France,DEN,13
2021-22,Precious Achiuwa,Nigeria,TOR,73
2021-22,RJ Barrett,Canada,NYK,70
2021-22,Raul Neto,Brazil,WAS,70
2021-22,Ricky Rubio,Spain,IND,34
2021-22,Rudy Gobert,France,UTA,66
2021-22,Rui Hachimura,Japan,WAS,42
2021-22,Sandro Mamukelashvili,Georgia,MIL,41
2021-22,Santi Aldama,Spain,MEM,32
2021-22,Sekou Doumbouya,France,LAL,2
2021-22,Serge Ibaka,Democratic Republic of the Congo,MIL,54
2021-22,Shai Gilgeous-Alexander,Canada,OKC,56
2021-22,Steven Adams,New Zealand,MEM,76
2021-22,Svi Mykhailiuk,Ukraine,TOR,56
2021-22,Tacko Fall,Senegal,CLE,11
2021-22,Thanasis Antetokounmpo,Greece,MIL,48
2021-22,Theo Maledon,France,OKC,51
2021-22,Timothe Luwawu-Cabarrot,France,ATL,52
2021-22,Tomas Satoransky,Czech Republic,WAS,55
2021-22,Trey Lyles,Canada,SAC,75
2021-22,Tristan Thompson,Canada,CHI,57
2021-22,Udoka Azubuike,Nigeria,UTA,17
2021-22,Usman Garuba,Spain,HOU,24
2021-22,Vlatko Čančar,Slovenia,DEN,15
2021-22,Vít Krejčí,Czech Republic,OKC,30
2021-22,Wenyen Gabriel,South Sudan,LAL,26
2021-22,Willy Hernangomez,Spain,NOP,50
2021-22,Yuta Watanabe,Japan,TOR,38
2021-22,Yves Pons,France,MEM,12
2022-23,A.J. Lawson,Canada,DAL,15
2022-23,Admiral Schofield,United Kingdom,ORL,37
2022-23,Al Horford,Dominican Republic,BOS,63
2022-23,Aleksej Pokusevski,Serbia,OKC,34
2022-23,Alex Len,Ukraine,SAC,26
2022-23,Alperen Sengun,Turkey,HOU,75
2022-23,Andrew Nembhard,Canada,IND,75
2022-23,Andrew Wiggins,Canada,GSW,37
2022-23,Ben Simmons,Australia,BKN,42
2022-23,Bennedict Mathurin,Canada,IND,78
2022-23,Bismack Biyombo,DRC,PHX,61
2022-23,Boban Marjanovic,Serbia,HOU,31
2022-23,Bogdan Bogdanović,Serbia,ATL,54
2022-23,Bojan Bogdanovic,Croatia,DET,59
2022-23,Bol Bol,Sudan,ORL,70
2022-23,Brandon Clarke,Canada,MEM,56
2022-23,Bruno Fernando,Angola,ATL,39
2022-23,Buddy Hield,Bahamas,IND,80
2022-23,Caleb Houstan,Canada,ORL,51
2022-23,Cam Thomas,Japan,BKN,57
2022-23,Cedi Osman,Turkey,CLE,77
2022-23,Charles Bassey,Nigeria,SAS,35
2022-23,Chima Moneke,Nigeria,SAC,2
2022-23,Chris Boucher,Saint Lucia,TOR,76
2022-23,Chris Duarte,Dominican Republic,IND,46
2022-23,Chris Silva,Gabon,ATL,1
2022-23,Christian Koloko,Cameroon,TOR,58
2022-23,Clint Capela,Switzerland,ATL,65
2022-23,Cory Joseph,Canada,DET,62
2022-23,Dalano Banton,Canada,TOR,31
2022-23,Daniel Theis,Germany,IND,7
2022-23,Dario Saric,Croatia,OKC,57
2022-23,Davis Bertans,Latvia,DAL,45
2022-23,Deandre Ayton,Bahamas,PHX,67
2022-23,Deni Avdija,Israel,WAS,76
2022-23,Dennis Schröder,Germany,LAL,66
2022-23,Dillon Brooks,Canada,MEM,73
2022-23,Domantas Sabonis,Lithuania,SAC,79
2022-23,Duane Washington Jr.,Germany,NYK,31
2022-23,Dwight Powell,Canada,DAL,76
2022-23,Dyson Daniels,Australia,NOP,59
2022-23,Eugene Omoruyi,Nigeria,DET,40
2022-23,Evan Fournier,France,NYK,27
2022-23,Facundo Campazzo,Argentina,DAL,8
2022-23,Frank Ntilikina,France,DAL,47
2022-23,Franz Wagner,Germany,ORL,80
2022-23,Furkan Korkmaz,Turkey,PHI,37
2022-23,Giannis Antetokounmpo,Greece,MIL,63
2022-23,Goga Bitadze,Georgia,ORL,38
2022-23,Goran Dragic,Slovenia,MIL,58
2022-23,Gorgui Dieng,Senegal,SAS,31
2022-23,Isaiah Hartenstein,Germany,NYK,82
2022-23,Ivica Zubac,Croatia,LAC,76
2022-23,Jack White,Australia,DEN,17
2022-23,Jakob Poeltl,Austria,TOR,72
2022-23,Jamal Murray,Canada,DEN,65
2022-23,Jeremy Sochan,Poland,SAS,56
2022-23,Jock Landale,Australia,PHX,69
2022-23,Joe Ingles,Australia,MIL,46
2022-23,Joel Embiid,Cameroon,PHI,66
2022-23,Jonas Valančiūnas,Lithuania,NOP,79
2022-23,Jonathan Kuminga,DRC,GSW,67
2022-23,Josh Giddey,Australia,OKC,76
2022-23,Josh Green,Australia,DAL,60
2022-23,Josh Okogie,Nigeria,PHX,72
2022-23,Joshua Primo,Canada,SAS,4
2022-23,Juancho Hernangomez,Spain,TOR,42
2022-23,Jusuf Nurkić,Bosnia and Herzegovina,POR,52
2022-23,Kai Jones,Bahamas,CHA,46
2022-23,Kelly Olynyk,Canada,UTA,68
2022-23,Khem Birch,Canada,SAS,20
2022-23,Killian Hayes,France,DET,76
2022-23,Kristaps Porziņģis,Latvia,WAS,65
2022-23,Kyrie Irving,Australia,DAL,60
2022-23,Lauri Markkanen,Finland,UTA,66
2022-23,Leandro Bolmaro,Argentina,UTA,14
2022-23,Lindell Wigginton,Canada,MIL,7
2022-23,Luguentz Dort,Canada,OKC,74
2022-23,Luka Dončić,Slovenia,DAL,66
2022-23,Luka Samanic,Croatia,UTA,7
2022-23,Mamadi Diakite,Guinea,CLE,22
2022-23,Marko Simonovic,Montenegro,CHI,7
2022-23,Matthew Dellavedova,Australia,SAC,32
2022-23,Maxi Kleber,Germany,DAL,37
2022-23,Mfiondu Kabengele,Canada,BOS,4
2022-23,Moritz Wagner,Germany,ORL,57
2022-23,Moussa Diabaté,France,LAC,22
2022-23,Neemias Queta,Portugal,SAC,5
2022-23,Nick Richards,Jamaica,CHA,65
2022-23,Nickeil Alexander-Walker,Canada,MIN,59
2022-23,Nicolas Batum,France,LAC,78
2022-23,Nikola Jokić,Serbia,DEN,69
2022-23,Nikola Jović,Serbia,MIA,15
2022-23,Nikola Vučević,Montenegro,CHI,82
2022-23,OG Anunoby,United Kingdom,TOR,67
2022-23,Olivier Sarr,France,OKC,9
2022-23,Omer Yurtseven,Turkey,MIA,9
2022-23,Oshae Brissett,Canada,IND,65
2022-23,Ousmane Dieng,France,OKC,39
2022-23,Pascal Siakam,Cameroon,TOR,71
2022-23,Patty Mills,Australia,BKN,40
2022-23,Precious Achiuwa,Nigeria,TOR,55
2022-23,RJ Barrett,Canada,NYK,73
2022-23,Raul Neto,Brazil,CLE,48
2022-23,Ricky Rubio,Spain,CLE,33
2022-23,Rudy Gobert,France,MIN,70
2022-23,Rui Hachimura,Japan,LAL,63
2022-23,Sandro Mamukelashvili,Georgia,SAS,43
2022-23,Santi Aldama,Spain,MEM,77
2022-23,Serge Ibaka,Democratic Republic of the Congo,MIL,16
2022-23,Shaedon Sharpe,Canada,POR,80
2022-23,Shai Gilgeous-Alexander,Canada,OKC,68
2022-23,Simone Fontecchio,Italy,UTA,52
2022-23,Steven Adams,New Zealand,MEM,42
2022-23,Svi Mykhailiuk,Ukraine,CHA,32
2022-23,Thanasis Antetokounmpo,Greece,MIL,37
2022-23,Theo Maledon,France,CHA,44
2022-23,Trey Lyles,Canada,SAC,74
2022-23,Udoka Azubuike,Nigeria,UTA,36
2022-23,Usman Garuba,Spain,HOU,75
2022-23,Vlatko Čančar,Slovenia,DEN,60
2022-23,Vít Krejčí,Czech Republic,ATL,29
2022-23,Wenyen Gabriel,South Sudan,LAL,68
2022-23,Willy Hernangomez,Spain,NOP,38
2022-23,Xavier Cooks,Australia,WAS,10
2022-23,Yuta Watanabe,Japan,BKN,58
2023-24,A.J. Lawson,Canada,DAL,42
2023-24,Adama Sanogo,Mali,CHI,9
2023-24,Admiral Schofield,United Kingdom,ORL,23
2023-24,Al Horford,Dominican Republic,BOS,65
2023-24,Aleksej Pokusevski,Serbia,CHA,28
2023-24,Alex Len,Ukraine,SAC,48
2023-24,Alperen Sengun,Turkey,HOU,63
2023-24,Andrew Nembhard,Canada,IND,68
2023-24,Andrew Wiggins,Canada,GSW,71
2023-24,Ben Simmons,Australia,BKN,15
2023-24,Bennedict Mathurin,Canada,IND,59
2023-24,Bilal Coulibaly,France,WAS,63
2023-24,Bismack Biyombo,DRC,OKC,40
2023-24,Boban Marjanovic,Serbia,HOU,14
2023-24,Bogdan Bogdanović,Serbia,ATL,79
2023-24,Bojan Bogdanovic,Croatia,NYK,57
2023-24,Bol Bol,Sudan,PHX,43
2023-24,Brandon Clarke,Canada,MEM,6
2023-24,Bruno Fernando,Angola,ATL,45
2023-24,Buddy Hield,Bahamas,PHI,84
2023-24,Caleb Houstan,Canada,ORL,59
2023-24,Cam Thomas,Japan,BKN,66
2023-24,Cedi Osman,Turkey,SAS,72
2023-24,Charles Bassey,Nigeria,SAS,19
2023-24,Chris Boucher,Saint Lucia,TOR,50
2023-24,Chris Duarte,Dominican Republic,SAC,59
2023-24,Clint Capela,Switzerland,ATL,73
2023-24,Cory Joseph,Canada,GSW,26
2023-24,D'Moi Hodge,British Virgin Islands,LAL,7
2023-24,Dalano Banton,Canada,POR,54
2023-24,Daniel Theis,Germany,LAC,60
2023-24,Danilo Gallinari,Italy,MIL,49
2023-24,Dante Exum,Australia,DAL,55
2023-24,Dario Saric,Croatia,GSW,64
2023-24,Davis Bertans,Latvia,CHA,43
2023-24,Deandre Ayton,Bahamas,POR,55
2023-24,Deni Avdija,Israel,WAS,75
2023-24,Dennis Schröder,Germany,BKN,80
2023-24,Dillon Brooks,Canada,HOU,72
2023-24,Dmytro Skapintsev,Ukraine,NYK,2
2023-24,Domantas Sabonis,Lithuania,SAC,82
2023-24,Duop Reath,South Sudan,POR,68
2023-24,Dwight Powell,Canada,DAL,63
2023-24,Dyson Daniels,Australia,NOP,61
2023-24,Eugene Omoruyi,Nigeria,WAS,43
2023-24,Evan Fournier,France,DET,32
2023-24,Filip Petrusev,Serbia,PHI,3
2023-24,Frank Ntilikina,France,CHA,5
2023-24,Franz Wagner,Germany,ORL,72
2023-24,Furkan Korkmaz,Turkey,PHI,35
2023-24,Giannis Antetokounmpo,Greece,MIL,73
2023-24,Goga Bitadze,Georgia,ORL,62
2023-24,Gui Santos,Brazil,GSW,23
2023-24,Henri Drell,Estonia,CHI,4
2023-24,Ibou Badji,Senegal,POR,22
2023-24,Isaiah Hartenstein,Germany,NYK,75
2023-24,Ivica Zubac,Croatia,LAC,68
2023-24,Jack White,Australia,OKC,4
2023-24,Jakob Poeltl,Austria,TOR,50
2023-24,Jamal Murray,Canada,DEN,59
2023-24,Jeremy Sochan,Poland,SAS,74
2023-24,Jock Landale,Australia,HOU,56
2023-24,Joe Ingles,Australia,ORL,68
2023-24,Joel Embiid,Cameroon,PHI,39
2023-24,Jonas Valančiūnas,Lithuania,NOP,82
2023-24,Jonathan Kuminga,DRC,GSW,74
2023-24,Josh Giddey,Australia,OKC,80
2023-24,Josh Green,Australia,DAL,57
2023-24,Josh Okogie,Nigeria,PHX,60
2023-24,Joshua Primo,Canada,LAC,2
2023-24,Jusuf Nurkić,Bosnia and Herzegovina,PHX,76
2023-24,Kelly Olynyk,Canada,TOR,78
2023-24,Killian Hayes,France,DET,42
2023-24,Kristaps Porziņģis,Latvia,BOS,57
2023-24,Kyrie Irving,Australia,DAL,58
2023-24,Lauri Markkanen,Finland,UTA,55
2023-24,Leonard Miller,Canada,MIN,17
2023-24,Lindell Wigginton,Canada,MIL,3
2023-24,Luguentz Dort,Canada,OKC,79
2023-24,Luka Dončić,Slovenia,DAL,70
2023-24,Luka Samanic,Croatia,UTA,43
2023-24,Malcolm Cazalon,France,DET,1
2023-24,Mamadi Diakite,Guinea,NYK,6
2023-24,Maozinha Pereira,Brazil,MEM,7
2023-24,Maxi Kleber,Germany,DAL,43
2023-24,Moritz Wagner,Germany,ORL,80
2023-24,Mouhamed Gueye,Senegal,ATL,6
2023-24,Moussa Diabaté,France,LAC,11
2023-24,Nathan Mensah,Ghana,CHA,25
2023-24,Neemias Queta,Portugal,BOS,28
2023-24,Nick Richards,Jamaica,CHA,67
2023-24,Nickeil Alexander-Walker,Canada,MIN,82
2023-24,Nicolas Batum,France,PHI,60
2023-24,Nikola Jokić,Serbia,DEN,79
2023-24,Nikola Jović,Serbia,MIA,46
2023-24,Nikola Vučević,Montenegro,CHI,76
2023-24,OG Anunoby,United Kingdom,NYK,50
2023-24,Olivier Sarr,France,OKC,15
2023-24,Olivier-Maxence Prosper,Canada,DAL,40
2023-24,Omer Yurtseven,Turkey,UTA,48
2023-24,Onuralp Bitim,Turkey,CHI,23
2023-24,Oscar Tshiebwe,DRC,IND,8
2023-24,Oshae Brissett,Canada,BOS,55
2023-24,Ousmane Dieng,France,OKC,33
2023-24,Pascal Siakam,Cameroon,IND,80
2023-24,Patty Mills,Australia,MIA,32
2023-24,Precious Achiuwa,Nigeria,NYK,74
2023-24,RJ Barrett,Canada,TOR,58
2023-24,Rayan Rupert,France,POR,39
2023-24,Rudy Gobert,France,MIN,76
2023-24,Rui Hachimura,Japan,LAL,68
2023-24,Sandro Mamukelashvili,Georgia,SAS,46
2023-24,Santi Aldama,Spain,MEM,61
2023-24,Sasha Vezenkov,Bulgaria,SAC,42
2023-24,Shaedon Sharpe,Canada,POR,32
2023-24,Shai Gilgeous-Alexander,Canada,OKC,75
2023-24,Sidy Cissoko,France,SAS,12
2023-24,Simone Fontecchio,Italy,DET,66
2023-24,Svi Mykhailiuk,Ukraine,BOS,41
2023-24,Thanasis Antetokounmpo,Greece,MIL,34
2023-24,Theo Maledon,France,PHX,17
2023-24,Tosan Evbuomwan,United Kingdom,DET,17
2023-24,Toumani Camara,Belgium,POR,70
2023-24,Trey Lyles,Canada,SAC,58
2023-24,Tristan Thompson,Canada,CLE,49
2023-24,Tristan Vukcevic,Italy,WAS,10
2023-24,Udoka Azubuike,Nigeria,PHX,16
2023-24,Usman Garuba,Spain,GSW,6
2023-24,Vasilije Micic,Serbia,CHA,60
2023-24,Victor Wembanyama,France,SAS,71
2023-24,Vít Krejčí,Czech Republic,ATL,22
2023-24,Wenyen Gabriel,South Sudan,BOS,5
2023-24,Yuta Watanabe,Japan,MEM,34
2024-25,A.J. Lawson,Canada,TOR,26
2024-25,Adama Sanogo,Mali,CHI,4
2024-25,Adem Bona,Nigeria,PHI,58
2024-25,Ajay Mitchell,Belgium,OKC,36
2024-25,Al Horford,Dominican Republic,BOS,60
2024-25,Alex Ducas,Australia,OKC,21
2024-25,Alex Len,Ukraine,LAL,46
2024-25,Alex Sarr,France,WAS,67
2024-25,Alperen Sengun,Turkey,HOU,76
2024-25,Andrew Nembhard,Canada,IND,65
2024-25,Andrew Wiggins,Canada,MIA,60
2024-25,Ariel Hukporti,Germany,NYK,25
2024-25,Armel Traore,France,LAL,9
2024-25,Ben Simmons,Australia,LAC,51
2024-25,Bennedict Mathurin,Canada,IND,72
2024-25,Bilal Coulibaly,France,WAS,59
2024-25,Bismack Biyombo,DRC,SAS,28
2024-25,Bobi Klintman,Sweden,DET,8
2024-25,Bogdan Bogdanović,Serbia,LAC,54
2024-25,Bol Bol,Sudan,PHX,36
2024-25,Brandon Clarke,Canada,MEM,64
2024-25,Bruno Fernando,Angola,TOR,17
2024-25,Buddy Hield,Bahamas,GSW,82
2024-25,Caleb Houstan,Canada,ORL,58
2024-25,Cam Thomas,Japan,BKN,25
2024-25,Charles Bassey,Nigeria,SAS,36
2024-25,Chris Boucher,Saint Lucia,TOR,50
2024-25,Chris Duarte,Dominican Republic,CHI,17
2024-25,Christian Koloko,Cameroon,LAL,37
2024-25,Clint Capela,Switzerland,ATL,55
2024-25,Cory Joseph,Canada,ORL,50
2024-25,Cui Cui,China,BKN,5
2024-25,Dalano Banton,Canada,POR,67
2024-25,Daniel Theis,Germany,NOP,38
2024-25,Dante Exum,Australia,DAL,20
2024-25,Dario Saric,Croatia,DEN,16
2024-25,Deandre Ayton,Bahamas,POR,40
2024-25,Deni Avdija,Israel,POR,72
2024-25,Dennis Schröder,Germany,DET,75
2024-25,Dillon Brooks,Canada,HOU,75
2024-25,Domantas Sabonis,Lithuania,SAC,70
2024-25,Duop Reath,South Sudan,POR,46
2024-25,Dwight Powell,Canada,DAL,55
2024-25,Dyson Daniels,Australia,ATL,76
2024-25,Emanuel Miller,Canada,CHI,6
2024-25,Franz Wagner,Germany,ORL,60
2024-25,Giannis Antetokounmpo,Greece,MIL,67
2024-25,Goga Bitadze,Georgia,ORL,70
2024-25,Guerschon Yabusele,France,PHI,70
2024-25,Gui Santos,Brazil,GSW,56
2024-25,Isaiah Hartenstein,Germany,OKC,57
2024-25,Ivica Zubac,Croatia,LAC,80
2024-25,Jack McVeigh,Australia,HOU,9
2024-25,Jackson Rowe,Canada,GSW,6
2024-25,Jakob Poeltl,Austria,TOR,57
2024-25,Jamal Murray,Canada,DEN,67
2024-25,Jeremy Sochan,Poland,SAS,54
2024-25,Jesse Edwards,Netherlands,MIN,2
2024-25,Jock Landale,Australia,HOU,42
2024-25,Joe Ingles,Australia,MIN,19
2024-25,Joel Embiid,Cameroon,PHI,19
2024-25,Johnny Furphy,Australia,IND,50
2024-25,Jonas Valančiūnas,Lithuania,SAC,81
2024-25,Jonathan Kuminga,DRC,GSW,47
2024-25,Josh Giddey,Australia,CHI,70
2024-25,Josh Green,Australia,CHA,68
2024-25,Josh Okogie,Nigeria,CHA,40
2024-25,Jusuf Nurkić,Bosnia and Herzegovina,CHA,51
2024-25,Kai Jones,Bahamas,DAL,40
2024-25,Karlo Matković,Bosnia and Herzegovina,NOP,42
2024-25,Kelly Olynyk,Canada,NOP,44
2024-25,Killian Hayes,France,BKN,6
2024-25,Kristaps Porziņģis,Latvia,BOS,42
2024-25,Kyrie Irving,Australia,DAL,50
2024-25,Kyshawn George,Switzerland,WAS,68
2024-25,Lauri Markkanen,Finland,UTA,47
2024-25,Leonard Miller,Canada,MIN,13
2024-25,Luguentz Dort,Canada,OKC,71
2024-25,Luka Dončić,Slovenia,LAL,50
2024-25,Luke Travers,Australia,CLE,12
2024-25,Malevy Leons,Netherlands,OKC,6
2024-25,Maxi Kleber,Germany,LAL,34
2024-25,Moritz Wagner,Germany,ORL,30
2024-25,Mouhamed Gueye,Senegal,ATL,33
2024-25,Moussa Diabaté,France,CHA,71
2024-25,N'Faly Dante,Mali,HOU,4
2024-25,Neemias Queta,Portugal,BOS,62
2024-25,Nick Richards,Jamaica,PHX,57
2024-25,Nickeil Alexander-Walker,Canada,MIN,82
2024-25,Nicolas Batum,France,LAC,78
2024-25,Nikola Jokić,Serbia,DEN,70
2024-25,Nikola Jović,Serbia,MIA,46
2024-25,Nikola Vučević,Montenegro,CHI,73
2024-25,OG Anunoby,United Kingdom,NYK,74
2024-25,Olivier-Maxence Prosper,Canada,DAL,52
2024-25,Oscar Tshiebwe,DRC,UTA,14
2024-25,Oshae Brissett,Canada,PHI,6
2024-25,Ousmane Dieng,France,OKC,37
2024-25,Pacôme Dadiet,France,NYK,18
2024-25,Pascal Siakam,Cameroon,IND,78
2024-25,Patty Mills,Australia,LAC,29
2024-25,Pelle Larsson,Sweden,MIA,55
2024-25,Precious Achiuwa,Nigeria,NYK,57
2024-25,Quinten Post,Netherlands,GSW,42
2024-25,RJ Barrett,Canada,TOR,58
2024-25,Rayan Rupert,France,POR,52
2024-25,Rudy Gobert,France,MIN,72
2024-25,Rui Hachimura,Japan,LAL,59
2024-25,Sandro Mamukelashvili,Georgia,SAS,61
2024-25,Santi Aldama,Spain,MEM,65
2024-25,Shaedon Sharpe,Canada,POR,72
2024-25,Shai Gilgeous-Alexander,Canada,OKC,76
2024-25,Sidy Cissoko,France,POR,22
2024-25,Simone Fontecchio,Italy,DET,75
2024-25,Skal Labissiere,Haiti,SAC,4
2024-25,Steven Adams,New Zealand,HOU,58
2024-25,Svi Mykhailiuk,Ukraine,UTA,38
2024-25,Tidjane Salaün,France,CHA,60
2024-25,Tosan Evbuomwan,United Kingdom,BKN,28
2024-25,Toumani Camara,Belgium,POR,78
2024-25,Trey Lyles,Canada,SAC,69
2024-25,Tristan Thompson,Canada,CLE,40
2024-25,Tristan Vukcevic,Italy,WAS,35
2024-25,Tristan da Silva,Germany,ORL,74
2024-25,Ulrich Chomche,Cameroon,TOR,7
2024-25,Vasilije Micic,Serbia,PHX,41
2024-25,Victor Wembanyama,France,SAS,46
2024-25,Vlatko Čančar,Slovenia,DEN,13
2024-25,Vít Krejčí,Czech Republic,ATL,57
2024-25,Yuki Kawamura,Japan,MEM,22
2024-25,Yves Missi,Cameroon,NOP,73
2024-25,Zaccharie Risacher,France,ATL,75
2024-25,Zach Edey,Canada,MEM,66
